unique_id,ds,x,y_hat
D1,1972-10-03,Macro,2031.2315673828125
D1,1972-10-04,Macro,2014.8826904296875
D1,1972-10-05,Macro,2031.5767822265625
D1,1972-10-06,Macro,2024.3216552734375
D1,1972-10-07,Macro,2023.0352783203125
D1,1972-10-08,Macro,2061.129638671875
D1,1972-10-09,Macro,2043.9287109375
D1,1972-10-10,Macro,2033.56298828125
D1,1972-10-11,Macro,2025.08056640625
D1,1972-10-12,Macro,2039.60595703125
D1,1972-10-13,Macro,2005.1573486328125
D1,1972-10-14,Macro,2022.3758544921875
D1,1972-10-15,Macro,2056.81884765625
D1,1972-10-16,Macro,2042.8087158203125
D10,1971-11-06,Macro,2625.327880859375
D10,1971-11-07,Macro,2605.0439453125
D10,1971-11-08,Macro,2627.069580078125
D10,1971-11-09,Macro,2616.332763671875
D10,1971-11-10,Macro,2614.734375
D10,1971-11-11,Macro,2664.663330078125
D10,1971-11-12,Macro,2641.580322265625
D10,1971-11-13,Macro,2628.435302734375
D10,1971-11-14,Macro,2618.48779296875
D10,1971-11-15,Macro,2637.468994140625
D10,1971-11-16,Macro,2593.568603515625
D10,1971-11-17,Macro,2615.4921875
D10,1971-11-18,Macro,2659.734130859375
D10,1971-11-19,Macro,2642.16259765625
D100,1972-10-03,Macro,929.305419921875
D100,1972-10-04,Macro,921.7827758789062
D100,1972-10-05,Macro,929.2713012695312
D100,1972-10-06,Macro,925.8734130859375
D100,1972-10-07,Macro,925.3950805664062
D100,1972-10-08,Macro,942.868408203125
D100,1972-10-09,Macro,935.0762939453125
D100,1972-10-10,Macro,930.4239501953125
D100,1972-10-11,Macro,926.2890625
D100,1972-10-12,Macro,932.7926635742188
D100,1972-10-13,Macro,917.2564697265625
D100,1972-10-14,Macro,925.2206420898438
D100,1972-10-15,Macro,940.8892822265625
D100,1972-10-16,Macro,934.505859375
D11,1972-10-03,Macro,2438.5400390625
D11,1972-10-04,Macro,2420.1650390625
D11,1972-10-05,Macro,2441.390625
D11,1972-10-06,Macro,2431.802734375
D11,1972-10-07,Macro,2429.56689453125
D11,1972-10-08,Macro,2475.60888671875
D11,1972-10-09,Macro,2453.8896484375
D11,1972-10-10,Macro,2441.21142578125
D11,1972-10-11,Macro,2432.981201171875
D11,1972-10-12,Macro,2451.613525390625
D11,1972-10-13,Macro,2409.7177734375
D11,1972-10-14,Macro,2430.05615234375
D11,1972-10-15,Macro,2471.243408203125
D11,1972-10-16,Macro,2454.7646484375
D12,1972-10-03,Macro,3668.776611328125
D12,1972-10-04,Macro,3638.4091796875
D12,1972-10-05,Macro,3667.6318359375
D12,1972-10-06,Macro,3656.34423828125
D12,1972-10-07,Macro,3653.535400390625
D12,1972-10-08,Macro,3722.0498046875
D12,1972-10-09,Macro,3691.879150390625
D12,1972-10-10,Macro,3673.091796875
D12,1972-10-11,Macro,3657.417236328125
D12,1972-10-12,Macro,3681.447265625
D12,1972-10-13,Macro,3618.8125
D12,1972-10-14,Macro,3651.47998046875
D12,1972-10-15,Macro,3713.622802734375
D12,1972-10-16,Macro,3687.8837890625
D13,1972-10-03,Macro,7237.2177734375
D13,1972-10-04,Macro,7177.9306640625
D13,1972-10-05,Macro,7234.599609375
D13,1972-10-06,Macro,7208.91748046875
D13,1972-10-07,Macro,7205.5390625
D13,1972-10-08,Macro,7341.560546875
D13,1972-10-09,Macro,7282.7236328125
D13,1972-10-10,Macro,7245.169921875
D13,1972-10-11,Macro,7211.80517578125
D13,1972-10-12,Macro,7261.32177734375
D13,1972-10-13,Macro,7140.224609375
D13,1972-10-14,Macro,7204.462890625
D13,1972-10-15,Macro,7326.427734375
D13,1972-10-16,Macro,7276.72265625
D14,1972-10-03,Macro,5697.26904296875
D14,1972-10-04,Macro,5653.017578125
D14,1972-10-05,Macro,5701.7666015625
D14,1972-10-06,Macro,5678.02490234375
D14,1972-10-07,Macro,5674.44287109375
D14,1972-10-08,Macro,5782.9306640625
D14,1972-10-09,Macro,5732.333984375
D14,1972-10-10,Macro,5704.39990234375
D14,1972-10-11,Macro,5682.6201171875
D14,1972-10-12,Macro,5724.20751953125
D14,1972-10-13,Macro,5629.35498046875
D14,1972-10-14,Macro,5675.5048828125
D14,1972-10-15,Macro,5771.70751953125
D14,1972-10-16,Macro,5733.185546875
D15,1972-10-03,Macro,7822.0517578125
D15,1972-10-04,Macro,7733.529296875
D15,1972-10-05,Macro,7776.25830078125
D15,1972-10-06,Macro,7807.99951171875
D15,1972-10-07,Macro,7792.89306640625
D15,1972-10-08,Macro,7913.78564453125
D15,1972-10-09,Macro,7879.10986328125
D15,1972-10-10,Macro,7833.89501953125
D15,1972-10-11,Macro,7777.53759765625
D15,1972-10-12,Macro,7797.28955078125
D15,1972-10-13,Macro,7643.216796875
D15,1972-10-14,Macro,7741.4912109375
D15,1972-10-15,Macro,7878.068359375
D15,1972-10-16,Macro,7806.978515625
D16,1972-10-03,Macro,3074.267822265625
D16,1972-10-04,Macro,3051.8525390625
D16,1972-10-05,Macro,3078.931396484375
D16,1972-10-06,Macro,3064.353271484375
D16,1972-10-07,Macro,3062.708251953125
D16,1972-10-08,Macro,3121.333251953125
D16,1972-10-09,Macro,3093.263427734375
D16,1972-10-10,Macro,3077.72607421875
D16,1972-10-11,Macro,3066.78076171875
D16,1972-10-12,Macro,3091.98095703125
D16,1972-10-13,Macro,3040.704345703125
D16,1972-10-14,Macro,3064.84033203125
D16,1972-10-15,Macro,3116.560546875
D16,1972-10-16,Macro,3096.505126953125
D17,1972-10-03,Macro,4040.99755859375
D17,1972-10-04,Macro,4007.544189453125
D17,1972-10-05,Macro,4039.63720703125
D17,1972-10-06,Macro,4026.65087890625
D17,1972-10-07,Macro,4023.905517578125
D17,1972-10-08,Macro,4099.572265625
D17,1972-10-09,Macro,4066.316650390625
D17,1972-10-10,Macro,4045.68115234375
D17,1972-10-11,Macro,4028.019775390625
D17,1972-10-12,Macro,4054.83837890625
D17,1972-10-13,Macro,3986.27197265625
D17,1972-10-14,Macro,4021.967529296875
D17,1972-10-15,Macro,4090.34521484375
D17,1972-10-16,Macro,4062.104736328125
D18,1972-10-03,Macro,9550.130859375
D18,1972-10-04,Macro,9476.1640625
D18,1972-10-05,Macro,9556.8623046875
D18,1972-10-06,Macro,9518.7333984375
D18,1972-10-07,Macro,9512.7607421875
D18,1972-10-08,Macro,9693.4365234375
D18,1972-10-09,Macro,9609.513671875
D18,1972-10-10,Macro,9561.4208984375
D18,1972-10-11,Macro,9525.169921875
D18,1972-10-12,Macro,9595.5244140625
D18,1972-10-13,Macro,9434.5185546875
D18,1972-10-14,Macro,9513.2822265625
D18,1972-10-15,Macro,9675.017578125
D18,1972-10-16,Macro,9610.6220703125
D19,1972-10-03,Macro,2697.695556640625
D19,1972-10-04,Macro,2674.235595703125
D19,1972-10-05,Macro,2694.705810546875
D19,1972-10-06,Macro,2685.22119140625
D19,1972-10-07,Macro,2685.24267578125
D19,1972-10-08,Macro,2735.421142578125
D19,1972-10-09,Macro,2714.431884765625
D19,1972-10-10,Macro,2701.126953125
D19,1972-10-11,Macro,2685.708251953125
D19,1972-10-12,Macro,2704.119873046875
D19,1972-10-13,Macro,2660.26416015625
D19,1972-10-14,Macro,2683.011474609375
D19,1972-10-15,Macro,2728.8251953125
D19,1972-10-16,Macro,2709.85693359375
D2,1972-10-03,Macro,2982.577392578125
D2,1972-10-04,Macro,2959.247802734375
D2,1972-10-05,Macro,2984.62109375
D2,1972-10-06,Macro,2971.8916015625
D2,1972-10-07,Macro,2970.34228515625
D2,1972-10-08,Macro,3027.37158203125
D2,1972-10-09,Macro,3000.87841796875
D2,1972-10-10,Macro,2986.003173828125
D2,1972-10-11,Macro,2974.632568359375
D2,1972-10-12,Macro,2996.608642578125
D2,1972-10-13,Macro,2946.919921875
D2,1972-10-14,Macro,2970.88720703125
D2,1972-10-15,Macro,3021.49951171875
D2,1972-10-16,Macro,3001.457763671875
D20,1972-10-03,Macro,10859.224609375
D20,1972-10-04,Macro,10775.015625
D20,1972-10-05,Macro,10866.9169921875
D20,1972-10-06,Macro,10822.68359375
D20,1972-10-07,Macro,10816.208984375
D20,1972-10-08,Macro,11022.0625
D20,1972-10-09,Macro,10926.40234375
D20,1972-10-10,Macro,10871.8447265625
D20,1972-10-11,Macro,10830.3818359375
D20,1972-10-12,Macro,10910.9697265625
D20,1972-10-13,Macro,10728.525390625
D20,1972-10-14,Macro,10817.435546875
D20,1972-10-15,Macro,11001.23046875
D20,1972-10-16,Macro,10928.154296875
D21,1972-10-03,Macro,2686.204345703125
D21,1972-10-04,Macro,2662.84423828125
D21,1972-10-05,Macro,2683.227294921875
D21,1972-10-06,Macro,2673.78662109375
D21,1972-10-07,Macro,2673.8056640625
D21,1972-10-08,Macro,2723.76904296875
D21,1972-10-09,Macro,2702.8701171875
D21,1972-10-10,Macro,2689.62060546875
D21,1972-10-11,Macro,2674.269287109375
D21,1972-10-12,Macro,2692.601806640625
D21,1972-10-13,Macro,2648.9296875
D21,1972-10-14,Macro,2671.582275390625
D21,1972-10-15,Macro,2717.20068359375
D21,1972-10-16,Macro,2698.312744140625
D22,1971-11-05,Macro,2881.58642578125
D22,1971-11-06,Macro,2860.017578125
D22,1971-11-07,Macro,2884.97265625
D22,1971-11-08,Macro,2870.331298828125
D22,1971-11-09,Macro,2869.58154296875
D22,1971-11-10,Macro,2925.567138671875
D22,1971-11-11,Macro,2898.85400390625
D22,1971-11-12,Macro,2885.352294921875
D22,1971-11-13,Macro,2874.68408203125
D22,1971-11-14,Macro,2896.3896484375
D22,1971-11-15,Macro,2850.103271484375
D22,1971-11-16,Macro,2872.041748046875
D22,1971-11-17,Macro,2920.585693359375
D22,1971-11-18,Macro,2901.96435546875
D23,1971-11-05,Macro,1927.5992431640625
D23,1971-11-06,Macro,1912.71533203125
D23,1971-11-07,Macro,1929.0780029296875
D23,1971-11-08,Macro,1920.8275146484375
D23,1971-11-09,Macro,1919.92626953125
D23,1971-11-10,Macro,1956.521728515625
D23,1971-11-11,Macro,1939.5880126953125
D23,1971-11-12,Macro,1929.650390625
D23,1971-11-13,Macro,1922.2327880859375
D23,1971-11-14,Macro,1937.0938720703125
D23,1971-11-15,Macro,1904.774169921875
D23,1971-11-16,Macro,1920.2642822265625
D23,1971-11-17,Macro,1952.999755859375
D23,1971-11-18,Macro,1940.122802734375
D24,1971-11-05,Macro,2570.945068359375
D24,1971-11-06,Macro,2551.931396484375
D24,1971-11-07,Macro,2574.406982421875
D24,1971-11-08,Macro,2560.9990234375
D24,1971-11-09,Macro,2560.317626953125
D24,1971-11-10,Macro,2610.414794921875
D24,1971-11-11,Macro,2586.31103515625
D24,1971-11-12,Macro,2574.310302734375
D24,1971-11-13,Macro,2565.100341796875
D24,1971-11-14,Macro,2584.683837890625
D24,1971-11-15,Macro,2543.451416015625
D24,1971-11-16,Macro,2562.826904296875
D24,1971-11-17,Macro,2606.11279296875
D24,1971-11-18,Macro,2589.60888671875
D25,1971-11-05,Macro,1596.5960693359375
D25,1971-11-06,Macro,1584.4010009765625
D25,1971-11-07,Macro,1598.05419921875
D25,1971-11-08,Macro,1591.062744140625
D25,1971-11-09,Macro,1590.295166015625
D25,1971-11-10,Macro,1620.6754150390625
D25,1971-11-11,Macro,1606.5091552734375
D25,1971-11-12,Macro,1598.298095703125
D25,1971-11-13,Macro,1592.3369140625
D25,1971-11-14,Macro,1604.7421875
D25,1971-11-15,Macro,1577.9881591796875
D25,1971-11-16,Macro,1590.7490234375
D25,1971-11-17,Macro,1617.843017578125
D25,1971-11-18,Macro,1607.2393798828125
D26,1971-11-05,Macro,2390.471923828125
D26,1971-11-06,Macro,2372.778076171875
D26,1971-11-07,Macro,2393.631103515625
D26,1971-11-08,Macro,2381.248046875
D26,1971-11-09,Macro,2380.5947265625
D26,1971-11-10,Macro,2427.142578125
D26,1971-11-11,Macro,2404.771484375
D26,1971-11-12,Macro,2393.600341796875
D26,1971-11-13,Macro,2385.024658203125
D26,1971-11-14,Macro,2403.174560546875
D26,1971-11-15,Macro,2364.800048828125
D26,1971-11-16,Macro,2382.896240234375
D26,1971-11-17,Macro,2423.13671875
D26,1971-11-18,Macro,2407.7822265625
D27,1971-11-05,Macro,1719.75732421875
D27,1971-11-06,Macro,1706.6322021484375
D27,1971-11-07,Macro,1721.3712158203125
D27,1971-11-08,Macro,1713.779541015625
D27,1971-11-09,Macro,1712.96728515625
D27,1971-11-10,Macro,1745.7144775390625
D27,1971-11-11,Macro,1730.4259033203125
D27,1971-11-12,Macro,1721.5909423828125
D27,1971-11-13,Macro,1715.1790771484375
D27,1971-11-14,Macro,1728.5836181640625
D27,1971-11-15,Macro,1699.7921142578125
D27,1971-11-16,Macro,1713.479248046875
D27,1971-11-17,Macro,1742.668212890625
D27,1971-11-18,Macro,1731.253173828125
D28,1972-04-29,Macro,423.93292236328125
D28,1972-04-30,Macro,420.6589050292969
D28,1972-05-01,Macro,424.2176513671875
D28,1972-05-02,Macro,422.5552673339844
D28,1972-05-03,Macro,422.2862548828125
D28,1972-05-04,Macro,430.2740478515625
D28,1972-05-05,Macro,426.58465576171875
D28,1972-05-06,Macro,424.41571044921875
D28,1972-05-07,Macro,422.775390625
D28,1972-05-08,Macro,425.9466857910156
D28,1972-05-09,Macro,418.7630310058594
D28,1972-05-10,Macro,422.3016662597656
D28,1972-05-11,Macro,429.46893310546875
D28,1972-05-12,Macro,426.6087341308594
D29,1972-10-03,Macro,6410.78515625
D29,1972-10-04,Macro,6360.38720703125
D29,1972-10-05,Macro,6414.24169921875
D29,1972-10-06,Macro,6389.37451171875
D29,1972-10-07,Macro,6385.505859375
D29,1972-10-08,Macro,6506.00927734375
D29,1972-10-09,Macro,6450.79541015625
D29,1972-10-10,Macro,6418.44287109375
D29,1972-10-11,Macro,6392.05859375
D29,1972-10-12,Macro,6439.7666015625
D29,1972-10-13,Macro,6331.92431640625
D29,1972-10-14,Macro,6384.96923828125
D29,1972-10-15,Macro,6493.29345703125
D29,1972-10-16,Macro,6449.560546875
D3,1970-05-11,Macro,1126.125
D3,1970-05-12,Macro,1117.5615234375
D3,1970-05-13,Macro,1127.3089599609375
D3,1970-05-14,Macro,1122.3829345703125
D3,1970-05-15,Macro,1121.73388671875
D3,1970-05-16,Macro,1143.22509765625
D3,1970-05-17,Macro,1133.0509033203125
D3,1970-05-18,Macro,1127.3978271484375
D3,1970-05-19,Macro,1123.3741455078125
D3,1970-05-20,Macro,1132.021484375
D3,1970-05-21,Macro,1113.126220703125
D3,1970-05-22,Macro,1122.06982421875
D3,1970-05-23,Macro,1141.16357421875
D3,1970-05-24,Macro,1133.671142578125
D30,1972-04-29,Macro,609.2531127929688
D30,1972-04-30,Macro,604.5479125976562
D30,1972-05-01,Macro,609.662353515625
D30,1972-05-02,Macro,607.2734375
D30,1972-05-03,Macro,606.8866577148438
D30,1972-05-04,Macro,618.3662109375
D30,1972-05-05,Macro,613.0640869140625
D30,1972-05-06,Macro,609.9468383789062
D30,1972-05-07,Macro,607.5895385742188
D30,1972-05-08,Macro,612.1473388671875
D30,1972-05-09,Macro,601.8231201171875
D30,1972-05-10,Macro,606.9088134765625
D30,1972-05-11,Macro,617.209228515625
D30,1972-05-12,Macro,613.0986328125
D31,1972-10-03,Macro,2120.92138671875
D31,1972-10-04,Macro,2101.4033203125
D31,1972-10-05,Macro,2116.396728515625
D31,1972-10-06,Macro,2111.456787109375
D31,1972-10-07,Macro,2110.934814453125
D31,1972-10-08,Macro,2149.570556640625
D31,1972-10-09,Macro,2134.494384765625
D31,1972-10-10,Macro,2123.129150390625
D31,1972-10-11,Macro,2110.558349609375
D31,1972-10-12,Macro,2123.74365234375
D31,1972-10-13,Macro,2087.836181640625
D31,1972-10-14,Macro,2107.521728515625
D31,1972-10-15,Macro,2143.77978515625
D31,1972-10-16,Macro,2128.291015625
D32,1972-10-03,Macro,1923.642822265625
D32,1972-10-04,Macro,1905.9403076171875
D32,1972-10-05,Macro,1919.538818359375
D32,1972-10-06,Macro,1915.0594482421875
D32,1972-10-07,Macro,1914.5855712890625
D32,1972-10-08,Macro,1949.6270751953125
D32,1972-10-09,Macro,1935.95361328125
D32,1972-10-10,Macro,1925.6453857421875
D32,1972-10-11,Macro,1914.24365234375
D32,1972-10-12,Macro,1926.2021484375
D32,1972-10-13,Macro,1893.634033203125
D32,1972-10-14,Macro,1911.4901123046875
D32,1972-10-15,Macro,1944.3746337890625
D32,1972-10-16,Macro,1930.32666015625
D33,1972-10-03,Macro,6762.5869140625
D33,1972-10-04,Macro,6708.56201171875
D33,1972-10-05,Macro,6763.22119140625
D33,1972-10-06,Macro,6738.16162109375
D33,1972-10-07,Macro,6734.26806640625
D33,1972-10-08,Macro,6862.1591796875
D33,1972-10-09,Macro,6804.82763671875
D33,1972-10-10,Macro,6770.3076171875
D33,1972-10-11,Macro,6743.23974609375
D33,1972-10-12,Macro,6789.255859375
D33,1972-10-13,Macro,6675.6982421875
D33,1972-10-14,Macro,6734.171875
D33,1972-10-15,Macro,6848.6318359375
D33,1972-10-16,Macro,6802.8466796875
D34,1972-10-03,Macro,2282.48974609375
D34,1972-10-04,Macro,2264.6650390625
D34,1972-10-05,Macro,2283.914794921875
D34,1972-10-06,Macro,2274.866455078125
D34,1972-10-07,Macro,2273.447021484375
D34,1972-10-08,Macro,2316.60888671875
D34,1972-10-09,Macro,2296.672119140625
D34,1972-10-10,Macro,2285.09228515625
D34,1972-10-11,Macro,2276.2470703125
D34,1972-10-12,Macro,2293.168212890625
D34,1972-10-13,Macro,2254.6650390625
D34,1972-10-14,Macro,2273.492431640625
D34,1972-10-15,Macro,2312.145263671875
D34,1972-10-16,Macro,2296.686767578125
D35,1972-10-03,Macro,1663.8343505859375
D35,1972-10-04,Macro,1650.8055419921875
D35,1972-10-05,Macro,1664.7320556640625
D35,1972-10-06,Macro,1658.2384033203125
D35,1972-10-07,Macro,1657.204345703125
D35,1972-10-08,Macro,1688.643310546875
D35,1972-10-09,Macro,1674.18212890625
D35,1972-10-10,Macro,1665.7637939453125
D35,1972-10-11,Macro,1659.259765625
D35,1972-10-12,Macro,1671.40771484375
D35,1972-10-13,Macro,1643.3720703125
D35,1972-10-14,Macro,1657.2176513671875
D35,1972-10-15,Macro,1685.3701171875
D35,1972-10-16,Macro,1674.094970703125
D36,1972-10-03,Macro,3791.214111328125
D36,1972-10-04,Macro,3758.89990234375
D36,1972-10-05,Macro,3788.38720703125
D36,1972-10-06,Macro,3775.52099609375
D36,1972-10-07,Macro,3774.628173828125
D36,1972-10-08,Macro,3845.083251953125
D36,1972-10-09,Macro,3814.9033203125
D36,1972-10-10,Macro,3795.668701171875
D36,1972-10-11,Macro,3776.186279296875
D36,1972-10-12,Macro,3802.51513671875
D36,1972-10-13,Macro,3739.467529296875
D36,1972-10-14,Macro,3771.6015625
D36,1972-10-15,Macro,3836.180908203125
D36,1972-10-16,Macro,3809.638916015625
D37,1970-05-24,Macro,2467.944580078125
D37,1970-05-25,Macro,2449.718017578125
D37,1970-05-26,Macro,2471.369384765625
D37,1970-05-27,Macro,2457.8720703125
D37,1970-05-28,Macro,2457.60009765625
D37,1970-05-29,Macro,2505.94677734375
D37,1970-05-30,Macro,2482.651123046875
D37,1970-05-31,Macro,2470.87109375
D37,1970-06-01,Macro,2462.19677734375
D37,1970-06-02,Macro,2481.586181640625
D37,1970-06-03,Macro,2442.055908203125
D37,1970-06-04,Macro,2460.234375
D37,1970-06-05,Macro,2501.9912109375
D37,1970-06-06,Macro,2486.359375
D38,1970-08-14,Macro,2302.254638671875
D38,1970-08-15,Macro,2285.025390625
D38,1970-08-16,Macro,2304.67578125
D38,1970-08-17,Macro,2291.4208984375
D38,1970-08-18,Macro,2292.435302734375
D38,1970-08-19,Macro,2336.750732421875
D38,1970-08-20,Macro,2316.14111328125
D38,1970-08-21,Macro,2304.6865234375
D38,1970-08-22,Macro,2293.920654296875
D38,1970-08-23,Macro,2314.354248046875
D38,1970-08-24,Macro,2278.03759765625
D38,1970-08-25,Macro,2294.354248046875
D38,1970-08-26,Macro,2333.423583984375
D38,1970-08-27,Macro,2318.772705078125
D39,1970-09-02,Macro,2519.75341796875
D39,1970-09-03,Macro,2496.8486328125
D39,1970-09-04,Macro,2514.038818359375
D39,1970-09-05,Macro,2508.23046875
D39,1970-09-06,Macro,2507.669189453125
D39,1970-09-07,Macro,2553.25439453125
D39,1970-09-08,Macro,2535.96728515625
D39,1970-09-09,Macro,2523.065673828125
D39,1970-09-10,Macro,2507.087646484375
D39,1970-09-11,Macro,2521.62841796875
D39,1970-09-12,Macro,2480.16748046875
D39,1970-09-13,Macro,2504.568359375
D39,1970-09-14,Macro,2546.797119140625
D39,1970-09-15,Macro,2528.56298828125
D4,1970-06-19,Macro,1233.5794677734375
D4,1970-06-20,Macro,1226.002197265625
D4,1970-06-21,Macro,1239.0220947265625
D4,1970-06-22,Macro,1229.60888671875
D4,1970-06-23,Macro,1229.3480224609375
D4,1970-06-24,Macro,1254.379150390625
D4,1970-06-25,Macro,1241.03857421875
D4,1970-06-26,Macro,1235.2225341796875
D4,1970-06-27,Macro,1232.7159423828125
D4,1970-06-28,Macro,1244.5386962890625
D4,1970-06-29,Macro,1225.183837890625
D4,1970-06-30,Macro,1232.216796875
D4,1970-07-01,Macro,1253.21533203125
D4,1970-07-02,Macro,1245.95703125
D40,1970-06-15,Macro,3897.4951171875
D40,1970-06-16,Macro,3865.786376953125
D40,1970-06-17,Macro,3897.183837890625
D40,1970-06-18,Macro,3883.687744140625
D40,1970-06-19,Macro,3881.39892578125
D40,1970-06-20,Macro,3954.28125
D40,1970-06-21,Macro,3921.850341796875
D40,1970-06-22,Macro,3902.257568359375
D40,1970-06-23,Macro,3884.932373046875
D40,1970-06-24,Macro,3911.9853515625
D40,1970-06-25,Macro,3846.424072265625
D40,1970-06-26,Macro,3879.9873046875
D40,1970-06-27,Macro,3945.779296875
D40,1970-06-28,Macro,3918.7783203125
D41,1970-08-28,Macro,6530.80419921875
D41,1970-08-29,Macro,6473.5498046875
D41,1970-08-30,Macro,6520.9697265625
D41,1970-08-31,Macro,6504.52001953125
D41,1970-09-01,Macro,6501.3798828125
D41,1970-09-02,Macro,6620.693359375
D41,1970-09-03,Macro,6571.09033203125
D41,1970-09-04,Macro,6540.73974609375
D41,1970-09-05,Macro,6502.9013671875
D41,1970-09-06,Macro,6541.634765625
D41,1970-09-07,Macro,6433.7470703125
D41,1970-09-08,Macro,6494.892578125
D41,1970-09-09,Macro,6603.5908203125
D41,1970-09-10,Macro,6556.455078125
D42,1970-09-20,Macro,7052.5126953125
D42,1970-09-21,Macro,7001.212890625
D42,1970-09-22,Macro,7064.5361328125
D42,1970-09-23,Macro,7027.47900390625
D42,1970-09-24,Macro,7024.7119140625
D42,1970-09-25,Macro,7162.1142578125
D42,1970-09-26,Macro,7094.23486328125
D42,1970-09-27,Macro,7062.37109375
D42,1970-09-28,Macro,7038.55810546875
D42,1970-09-29,Macro,7093.328125
D42,1970-09-30,Macro,6979.61328125
D42,1970-10-01,Macro,7031.455078125
D42,1970-10-02,Macro,7150.09716796875
D42,1970-10-03,Macro,7104.69873046875
D43,1970-08-08,Macro,1126.783447265625
D43,1970-08-09,Macro,1118.83251953125
D43,1970-08-10,Macro,1129.1201171875
D43,1970-08-11,Macro,1123.6307373046875
D43,1970-08-12,Macro,1122.77001953125
D43,1970-08-13,Macro,1144.430908203125
D43,1970-08-14,Macro,1133.7237548828125
D43,1970-08-15,Macro,1128.083984375
D43,1970-08-16,Macro,1124.831298828125
D43,1970-08-17,Macro,1134.0413818359375
D43,1970-08-18,Macro,1115.085693359375
D43,1970-08-19,Macro,1123.7796630859375
D43,1970-08-20,Macro,1142.76708984375
D43,1970-08-21,Macro,1135.4783935546875
D44,1972-10-03,Macro,8596.7275390625
D44,1972-10-04,Macro,8528.947265625
D44,1972-10-05,Macro,8601.5908203125
D44,1972-10-06,Macro,8568.6484375
D44,1972-10-07,Macro,8562.6953125
D44,1972-10-08,Macro,8725.373046875
D44,1972-10-09,Macro,8650.07421875
D44,1972-10-10,Macro,8606.41015625
D44,1972-10-11,Macro,8574.1748046875
D44,1972-10-12,Macro,8636.6728515625
D44,1972-10-13,Macro,8490.80859375
D44,1972-10-14,Macro,8561.744140625
D44,1972-10-15,Macro,8707.8720703125
D44,1972-10-16,Macro,8649.21875
D45,1970-08-13,Macro,1122.37841796875
D45,1970-08-14,Macro,1113.50439453125
D45,1970-08-15,Macro,1122.88720703125
D45,1970-08-16,Macro,1118.539306640625
D45,1970-08-17,Macro,1117.8719482421875
D45,1970-08-18,Macro,1139.077880859375
D45,1970-08-19,Macro,1129.3360595703125
D45,1970-08-20,Macro,1123.6846923828125
D45,1970-08-21,Macro,1119.2486572265625
D45,1970-08-22,Macro,1127.389892578125
D45,1970-08-23,Macro,1108.500244140625
D45,1970-08-24,Macro,1117.771484375
D45,1970-08-25,Macro,1136.80419921875
D45,1970-08-26,Macro,1129.168701171875
D46,1970-04-08,Macro,10212.4521484375
D46,1970-04-09,Macro,10136.046875
D46,1970-04-10,Macro,10225.53125
D46,1970-04-11,Macro,10176.404296875
D46,1970-04-12,Macro,10172.220703125
D46,1970-04-13,Macro,10368.5771484375
D46,1970-04-14,Macro,10274.65625
D46,1970-04-15,Macro,10224.7900390625
D46,1970-04-16,Macro,10188.30078125
D46,1970-04-17,Macro,10267.8583984375
D46,1970-04-18,Macro,10099.8046875
D46,1970-04-19,Macro,10177.9609375
D46,1970-04-20,Macro,10351.029296875
D46,1970-04-21,Macro,10284.1337890625
D47,1970-06-10,Macro,1013.6846313476562
D47,1970-06-11,Macro,1005.890380859375
D47,1970-06-12,Macro,1014.6185913085938
D47,1970-06-13,Macro,1010.3802490234375
D47,1970-06-14,Macro,1009.7456665039062
D47,1970-06-15,Macro,1029.0645751953125
D47,1970-06-16,Macro,1019.8814086914062
D47,1970-06-17,Macro,1014.9357299804688
D47,1970-06-18,Macro,1011.3225708007812
D47,1970-06-19,Macro,1018.795166015625
D47,1970-06-20,Macro,1001.7852783203125
D47,1970-06-21,Macro,1009.8754272460938
D47,1970-06-22,Macro,1027.07421875
D47,1970-06-23,Macro,1020.2747802734375
D48,1971-08-25,Macro,10476.48046875
D48,1971-08-26,Macro,10404.046875
D48,1971-08-27,Macro,10500.9716796875
D48,1971-08-28,Macro,10447.13671875
D48,1971-08-29,Macro,10439.5400390625
D48,1971-08-30,Macro,10642.0966796875
D48,1971-08-31,Macro,10540.5625
D48,1971-09-01,Macro,10488.71484375
D48,1971-09-02,Macro,10460.3603515625
D48,1971-09-03,Macro,10547.3798828125
D48,1971-09-04,Macro,10372.0966796875
D48,1971-09-05,Macro,10451.0263671875
D48,1971-09-06,Macro,10627.5537109375
D48,1971-09-07,Macro,10560.67578125
D49,1971-06-29,Macro,11074.8798828125
D49,1971-06-30,Macro,10997.5322265625
D49,1971-07-01,Macro,11099.32421875
D49,1971-07-02,Macro,11043.892578125
D49,1971-07-03,Macro,11035.6474609375
D49,1971-07-04,Macro,11249.154296875
D49,1971-07-05,Macro,11142.8447265625
D49,1971-07-06,Macro,11087.7041015625
D49,1971-07-07,Macro,11056.78125
D49,1971-07-08,Macro,11148.0966796875
D49,1971-07-09,Macro,10962.25
D49,1971-07-10,Macro,11046.693359375
D49,1971-07-11,Macro,11233.32421875
D49,1971-07-12,Macro,11162.1640625
D5,1970-06-06,Macro,5873.1982421875
D5,1970-06-07,Macro,5826.48388671875
D5,1970-06-08,Macro,5875.02685546875
D5,1970-06-09,Macro,5853.07373046875
D5,1970-06-10,Macro,5849.39794921875
D5,1970-06-11,Macro,5959.9638671875
D5,1970-06-12,Macro,5909.86181640625
D5,1970-06-13,Macro,5879.96044921875
D5,1970-06-14,Macro,5855.73388671875
D5,1970-06-15,Macro,5898.12451171875
D5,1970-06-16,Macro,5799.029296875
D5,1970-06-17,Macro,5848.71484375
D5,1970-06-18,Macro,5947.9765625
D5,1970-06-19,Macro,5907.78515625
D50,1972-05-10,Macro,9983.6923828125
D50,1972-05-11,Macro,9910.0732421875
D50,1972-05-12,Macro,9998.755859375
D50,1972-05-13,Macro,9948.6767578125
D50,1972-05-14,Macro,9944.736328125
D50,1972-05-15,Macro,10137.5498046875
D50,1972-05-16,Macro,10044.1123046875
D50,1972-05-17,Macro,9996.0771484375
D50,1972-05-18,Macro,9961.6826171875
D50,1972-05-19,Macro,10040.46484375
D50,1972-05-20,Macro,9876.998046875
D50,1972-05-21,Macro,9951.7978515625
D50,1972-05-22,Macro,10120.892578125
D50,1972-05-23,Macro,10056.048828125
D51,1970-04-08,Macro,1028.7572021484375
D51,1970-04-09,Macro,1021.1179809570312
D51,1970-04-10,Macro,1030.193359375
D51,1970-04-11,Macro,1025.1395263671875
D51,1970-04-12,Macro,1024.7249755859375
D51,1970-04-13,Macro,1044.549560546875
D51,1970-04-14,Macro,1035.000732421875
D51,1970-04-15,Macro,1030.0172119140625
D51,1970-04-16,Macro,1026.4130859375
D51,1970-04-17,Macro,1034.4775390625
D51,1970-04-18,Macro,1017.59130859375
D51,1970-04-19,Macro,1025.3814697265625
D51,1970-04-20,Macro,1042.80908203125
D51,1970-04-21,Macro,1036.101806640625
D52,1970-08-08,Macro,2899.31982421875
D52,1970-08-09,Macro,2879.97021484375
D52,1970-08-10,Macro,2907.712890625
D52,1970-08-11,Macro,2891.56298828125
D52,1970-08-12,Macro,2889.5419921875
D52,1970-08-13,Macro,2946.039306640625
D52,1970-08-14,Macro,2916.931884765625
D52,1970-08-15,Macro,2902.4912109375
D52,1970-08-16,Macro,2895.996337890625
D52,1970-08-17,Macro,2921.3212890625
D52,1970-08-18,Macro,2872.73095703125
D52,1970-08-19,Macro,2893.369384765625
D52,1970-08-20,Macro,2942.510009765625
D52,1970-08-21,Macro,2924.380126953125
D53,1970-08-13,Macro,1109.11181640625
D53,1970-08-14,Macro,1100.32275390625
D53,1970-08-15,Macro,1109.572509765625
D53,1970-08-16,Macro,1105.3291015625
D53,1970-08-17,Macro,1104.6600341796875
D53,1970-08-18,Macro,1125.589111328125
D53,1970-08-19,Macro,1116.003173828125
D53,1970-08-20,Macro,1110.404541015625
D53,1970-08-21,Macro,1105.9876708984375
D53,1970-08-22,Macro,1114.005615234375
D53,1970-08-23,Macro,1095.319580078125
D53,1970-08-24,Macro,1104.5196533203125
D53,1970-08-25,Macro,1123.3299560546875
D53,1970-08-26,Macro,1115.7708740234375
D54,1970-08-13,Macro,2823.489013671875
D54,1970-08-14,Macro,2801.119384765625
D54,1970-08-15,Macro,2824.504638671875
D54,1970-08-16,Macro,2813.649658203125
D54,1970-08-17,Macro,2812.005859375
D54,1970-08-18,Macro,2865.341552734375
D54,1970-08-19,Macro,2841.001708984375
D54,1970-08-20,Macro,2826.844482421875
D54,1970-08-21,Macro,2815.343994140625
D54,1970-08-22,Macro,2835.602783203125
D54,1970-08-23,Macro,2788.221435546875
D54,1970-08-24,Macro,2811.87646484375
D54,1970-08-25,Macro,2859.591796875
D54,1970-08-26,Macro,2840.38427734375
D55,1972-10-03,Macro,1080.3162841796875
D55,1972-10-04,Macro,1071.8807373046875
D55,1972-10-05,Macro,1081.0
D55,1972-10-06,Macro,1076.6510009765625
D55,1972-10-07,Macro,1075.986328125
D55,1972-10-08,Macro,1096.514892578125
D55,1972-10-09,Macro,1086.974853515625
D55,1972-10-10,Macro,1081.5750732421875
D55,1972-10-11,Macro,1077.486572265625
D55,1972-10-12,Macro,1085.3634033203125
D55,1972-10-13,Macro,1067.198974609375
D55,1972-10-14,Macro,1076.069580078125
D55,1972-10-15,Macro,1094.37060546875
D55,1972-10-16,Macro,1087.0787353515625
D56,1972-08-14,Macro,10550.26171875
D56,1972-08-15,Macro,10466.4013671875
D56,1972-08-16,Macro,10554.265625
D56,1972-08-17,Macro,10514.1669921875
D56,1972-08-18,Macro,10507.865234375
D56,1972-08-19,Macro,10706.806640625
D56,1972-08-20,Macro,10615.9453125
D56,1972-08-21,Macro,10562.400390625
D56,1972-08-22,Macro,10520.265625
D56,1972-08-23,Macro,10596.5
D56,1972-08-24,Macro,10418.5947265625
D56,1972-08-25,Macro,10506.150390625
D56,1972-08-26,Macro,10685.2734375
D56,1972-08-27,Macro,10613.279296875
D57,1970-08-08,Macro,1715.4749755859375
D57,1970-08-09,Macro,1703.2333984375
D57,1970-08-10,Macro,1718.8135986328125
D57,1970-08-11,Macro,1710.6531982421875
D57,1970-08-12,Macro,1709.3387451171875
D57,1970-08-13,Macro,1742.2557373046875
D57,1970-08-14,Macro,1726.0648193359375
D57,1970-08-15,Macro,1717.404541015625
D57,1970-08-16,Macro,1712.38427734375
D57,1970-08-17,Macro,1726.3348388671875
D57,1970-08-18,Macro,1697.348876953125
D57,1970-08-19,Macro,1710.6429443359375
D57,1970-08-20,Macro,1739.627685546875
D57,1970-08-21,Macro,1728.4619140625
D58,1970-08-08,Macro,1677.7706298828125
D58,1970-08-09,Macro,1666.01806640625
D58,1970-08-10,Macro,1681.2833251953125
D58,1970-08-11,Macro,1672.5042724609375
D58,1970-08-12,Macro,1671.62060546875
D58,1970-08-13,Macro,1704.0484619140625
D58,1970-08-14,Macro,1687.979248046875
D58,1970-08-15,Macro,1679.7384033203125
D58,1970-08-16,Macro,1674.623046875
D58,1970-08-17,Macro,1688.6162109375
D58,1970-08-18,Macro,1660.8675537109375
D58,1970-08-19,Macro,1673.4306640625
D58,1970-08-20,Macro,1701.686279296875
D58,1970-08-21,Macro,1691.0130615234375
D59,1970-06-05,Macro,4921.77587890625
D59,1970-06-06,Macro,4884.20068359375
D59,1970-06-07,Macro,4926.18603515625
D59,1970-06-08,Macro,4905.7939453125
D59,1970-06-09,Macro,4902.4033203125
D59,1970-06-10,Macro,4996.1767578125
D59,1970-06-11,Macro,4952.177734375
D59,1970-06-12,Macro,4927.77099609375
D59,1970-06-13,Macro,4910.06103515625
D59,1970-06-14,Macro,4945.900390625
D59,1970-06-15,Macro,4863.34619140625
D59,1970-06-16,Macro,4903.96044921875
D59,1970-06-17,Macro,4986.95166015625
D59,1970-06-18,Macro,4954.01708984375
D6,1972-10-03,Macro,3123.648681640625
D6,1972-10-04,Macro,3100.29052734375
D6,1972-10-05,Macro,3128.42236328125
D6,1972-10-06,Macro,3113.530517578125
D6,1972-10-07,Macro,3111.53173828125
D6,1972-10-08,Macro,3171.843017578125
D6,1972-10-09,Macro,3142.494140625
D6,1972-10-10,Macro,3127.606201171875
D6,1972-10-11,Macro,3117.158935546875
D6,1972-10-12,Macro,3141.333984375
D6,1972-10-13,Macro,3089.7275390625
D6,1972-10-14,Macro,3113.20849609375
D6,1972-10-15,Macro,3166.099853515625
D6,1972-10-16,Macro,3145.31201171875
D60,1971-04-02,Macro,4075.73974609375
D60,1971-04-03,Macro,4042.06005859375
D60,1971-04-04,Macro,4074.887451171875
D60,1971-04-05,Macro,4062.154052734375
D60,1971-04-06,Macro,4059.021728515625
D60,1971-04-07,Macro,4135.17578125
D60,1971-04-08,Macro,4101.203125
D60,1971-04-09,Macro,4080.37158203125
D60,1971-04-10,Macro,4063.228515625
D60,1971-04-11,Macro,4090.772705078125
D60,1971-04-12,Macro,4020.841064453125
D60,1971-04-13,Macro,4056.51904296875
D60,1971-04-14,Macro,4125.68603515625
D60,1971-04-15,Macro,4097.07275390625
D61,1970-06-05,Macro,3654.0849609375
D61,1970-06-06,Macro,3623.132568359375
D61,1970-06-07,Macro,3652.115234375
D61,1970-06-08,Macro,3643.157958984375
D61,1970-06-09,Macro,3639.67333984375
D61,1970-06-10,Macro,3706.699951171875
D61,1970-06-11,Macro,3677.7685546875
D61,1970-06-12,Macro,3657.56494140625
D61,1970-06-13,Macro,3641.861083984375
D61,1970-06-14,Macro,3666.791015625
D61,1970-06-15,Macro,3601.98681640625
D61,1970-06-16,Macro,3635.25
D61,1970-06-17,Macro,3697.818115234375
D61,1970-06-18,Macro,3671.46044921875
D62,1970-05-12,Macro,5675.74853515625
D62,1970-05-13,Macro,5636.94189453125
D62,1970-05-14,Macro,5690.01171875
D62,1970-05-15,Macro,5659.34033203125
D62,1970-05-16,Macro,5655.576171875
D62,1970-05-17,Macro,5766.1630859375
D62,1970-05-18,Macro,5709.94140625
D62,1970-05-19,Macro,5682.38916015625
D62,1970-05-20,Macro,5667.36083984375
D62,1970-05-21,Macro,5715.45556640625
D62,1970-05-22,Macro,5620.87451171875
D62,1970-05-23,Macro,5662.642578125
D62,1970-05-24,Macro,5758.25537109375
D62,1970-05-25,Macro,5722.35009765625
D63,1970-06-25,Macro,4713.3193359375
D63,1970-06-26,Macro,4675.509765625
D63,1970-06-27,Macro,4714.3134765625
D63,1970-06-28,Macro,4697.45361328125
D63,1970-06-29,Macro,4694.2431640625
D63,1970-06-30,Macro,4782.73876953125
D63,1970-07-01,Macro,4742.62353515625
D63,1970-07-02,Macro,4718.93359375
D63,1970-07-03,Macro,4699.27490234375
D63,1970-07-04,Macro,4732.69677734375
D63,1970-07-05,Macro,4652.98583984375
D63,1970-07-06,Macro,4693.142578125
D63,1970-07-07,Macro,4772.7138671875
D63,1970-07-08,Macro,4740.2080078125
D64,1972-10-03,Macro,1058.5201416015625
D64,1972-10-04,Macro,1051.296630859375
D64,1972-10-05,Macro,1061.3514404296875
D64,1972-10-06,Macro,1055.818359375
D64,1972-10-07,Macro,1054.9136962890625
D64,1972-10-08,Macro,1075.384033203125
D64,1972-10-09,Macro,1064.9493408203125
D64,1972-10-10,Macro,1060.00537109375
D64,1972-10-11,Macro,1057.212646484375
D64,1972-10-12,Macro,1065.85595703125
D64,1972-10-13,Macro,1048.395263671875
D64,1972-10-14,Macro,1056.215576171875
D64,1972-10-15,Macro,1073.9267578125
D64,1972-10-16,Macro,1067.14599609375
D65,1970-06-27,Macro,3556.843505859375
D65,1970-06-28,Macro,3527.275634765625
D65,1970-06-29,Macro,3555.25537109375
D65,1970-06-30,Macro,3543.96826171875
D65,1970-07-01,Macro,3541.86572265625
D65,1970-07-02,Macro,3608.291259765625
D65,1970-07-03,Macro,3579.135986328125
D65,1970-07-04,Macro,3561.014404296875
D65,1970-07-05,Macro,3545.31396484375
D65,1970-07-06,Macro,3568.75390625
D65,1970-07-07,Macro,3508.46630859375
D65,1970-07-08,Macro,3539.762451171875
D65,1970-07-09,Macro,3600.17822265625
D65,1970-07-10,Macro,3575.4873046875
D66,1972-10-03,Macro,1400.93408203125
D66,1972-10-04,Macro,1390.985107421875
D66,1972-10-05,Macro,1403.8577880859375
D66,1972-10-06,Macro,1396.268798828125
D66,1972-10-07,Macro,1395.8131103515625
D66,1972-10-08,Macro,1422.817138671875
D66,1972-10-09,Macro,1409.3319091796875
D66,1972-10-10,Macro,1402.6845703125
D66,1972-10-11,Macro,1397.83349609375
D66,1972-10-12,Macro,1410.0018310546875
D66,1972-10-13,Macro,1387.0555419921875
D66,1972-10-14,Macro,1397.0069580078125
D66,1972-10-15,Macro,1420.6669921875
D66,1972-10-16,Macro,1411.708251953125
D67,1970-06-04,Macro,5155.4716796875
D67,1970-06-05,Macro,5123.326171875
D67,1970-06-06,Macro,5174.9462890625
D67,1970-06-07,Macro,5142.30859375
D67,1970-06-08,Macro,5138.77734375
D67,1970-06-09,Macro,5240.51171875
D67,1970-06-10,Macro,5186.4609375
D67,1970-06-11,Macro,5160.8984375
D67,1970-06-12,Macro,5150.90185546875
D67,1970-06-13,Macro,5199.94970703125
D67,1970-06-14,Macro,5114.20654296875
D67,1970-06-15,Macro,5148.89208984375
D67,1970-06-16,Macro,5235.6982421875
D67,1970-06-17,Macro,5204.4462890625
D68,1970-05-15,Macro,5535.42041015625
D68,1970-05-16,Macro,5491.71875
D68,1970-05-17,Macro,5537.61376953125
D68,1970-05-18,Macro,5514.91845703125
D68,1970-05-19,Macro,5512.78173828125
D68,1970-05-20,Macro,5617.21240234375
D68,1970-05-21,Macro,5569.939453125
D68,1970-05-22,Macro,5541.7451171875
D68,1970-05-23,Macro,5517.8994140625
D68,1970-05-24,Macro,5559.568359375
D68,1970-05-25,Macro,5467.47607421875
D68,1970-05-26,Macro,5512.8193359375
D68,1970-05-27,Macro,5606.5107421875
D68,1970-05-28,Macro,5569.130859375
D69,1970-06-28,Macro,3964.854248046875
D69,1970-06-29,Macro,3934.548095703125
D69,1970-06-30,Macro,3968.86572265625
D69,1970-07-01,Macro,3952.399169921875
D69,1970-07-02,Macro,3949.60791015625
D69,1970-07-03,Macro,4025.086669921875
D69,1970-07-04,Macro,3989.45068359375
D69,1970-07-05,Macro,3969.361572265625
D69,1970-07-06,Macro,3955.6875
D69,1970-07-07,Macro,3985.36572265625
D69,1970-07-08,Macro,3918.2626953125
D69,1970-07-09,Macro,3950.2919921875
D69,1970-07-10,Macro,4017.642578125
D69,1970-07-11,Macro,3991.043701171875
D7,1972-10-03,Macro,5234.96337890625
D7,1972-10-04,Macro,5166.61962890625
D7,1972-10-05,Macro,5194.56494140625
D7,1972-10-06,Macro,5236.8798828125
D7,1972-10-07,Macro,5217.53466796875
D7,1972-10-08,Macro,5294.05615234375
D7,1972-10-09,Macro,5275.29296875
D7,1972-10-10,Macro,5243.06640625
D7,1972-10-11,Macro,5211.3994140625
D7,1972-10-12,Macro,5205.88330078125
D7,1972-10-13,Macro,5089.5263671875
D7,1972-10-14,Macro,5165.240234375
D7,1972-10-15,Macro,5260.57177734375
D7,1972-10-16,Macro,5205.7822265625
D70,1972-10-03,Macro,4011.27587890625
D70,1972-10-04,Macro,3978.582763671875
D70,1972-10-05,Macro,4011.09765625
D70,1972-10-06,Macro,3998.339111328125
D70,1972-10-07,Macro,3995.46142578125
D70,1972-10-08,Macro,4069.780029296875
D70,1972-10-09,Macro,4036.96728515625
D70,1972-10-10,Macro,4015.39111328125
D70,1972-10-11,Macro,3998.25390625
D70,1972-10-12,Macro,4027.24951171875
D70,1972-10-13,Macro,3957.8564453125
D70,1972-10-14,Macro,3992.84619140625
D70,1972-10-15,Macro,4061.161376953125
D70,1972-10-16,Macro,4033.129638671875
D71,1970-06-10,Macro,2531.16162109375
D71,1970-06-11,Macro,2511.8623046875
D71,1970-06-12,Macro,2533.67431640625
D71,1970-06-13,Macro,2523.259765625
D71,1970-06-14,Macro,2521.61083984375
D71,1970-06-15,Macro,2569.474609375
D71,1970-06-16,Macro,2546.861572265625
D71,1970-06-17,Macro,2534.109130859375
D71,1970-06-18,Macro,2524.91796875
D71,1970-06-19,Macro,2544.28564453125
D71,1970-06-20,Macro,2501.4443359375
D71,1970-06-21,Macro,2521.8447265625
D71,1970-06-22,Macro,2564.763427734375
D71,1970-06-23,Macro,2547.7841796875
D72,1970-08-08,Macro,1918.3121337890625
D72,1970-08-09,Macro,1904.4674072265625
D72,1970-08-10,Macro,1921.7840576171875
D72,1970-08-11,Macro,1912.949462890625
D72,1970-08-12,Macro,1911.4488525390625
D72,1970-08-13,Macro,1948.1209716796875
D72,1970-08-14,Macro,1930.201171875
D72,1970-08-15,Macro,1920.431884765625
D72,1970-08-16,Macro,1914.6641845703125
D72,1970-08-17,Macro,1930.1961669921875
D72,1970-08-18,Macro,1897.636962890625
D72,1970-08-19,Macro,1912.624755859375
D72,1970-08-20,Macro,1945.084716796875
D72,1970-08-21,Macro,1932.5042724609375
D73,1970-06-10,Macro,1021.4326171875
D73,1970-06-11,Macro,1013.6828002929688
D73,1970-06-12,Macro,1022.5675048828125
D73,1970-06-13,Macro,1018.1785888671875
D73,1970-06-14,Macro,1017.5114135742188
D73,1970-06-15,Macro,1037.0238037109375
D73,1970-06-16,Macro,1027.671630859375
D73,1970-06-17,Macro,1022.6854248046875
D73,1970-06-18,Macro,1019.1820678710938
D73,1970-06-19,Macro,1026.818115234375
D73,1970-06-20,Macro,1009.6724243164062
D73,1970-06-21,Macro,1017.7738647460938
D73,1970-06-22,Macro,1035.0869140625
D73,1970-06-23,Macro,1028.27587890625
D74,1970-04-08,Macro,1672.3328857421875
D74,1970-04-09,Macro,1659.3167724609375
D74,1970-04-10,Macro,1673.44873046875
D74,1970-04-11,Macro,1666.7640380859375
D74,1970-04-12,Macro,1665.6947021484375
D74,1970-04-13,Macro,1697.3828125
D74,1970-04-14,Macro,1682.7257080078125
D74,1970-04-15,Macro,1674.2025146484375
D74,1970-04-16,Macro,1667.8824462890625
D74,1970-04-17,Macro,1680.2554931640625
D74,1970-04-18,Macro,1652.0255126953125
D74,1970-04-19,Macro,1665.8331298828125
D74,1970-04-20,Macro,1694.1573486328125
D74,1970-04-21,Macro,1682.8643798828125
D75,1970-06-10,Macro,1643.150146484375
D75,1970-06-11,Macro,1630.389404296875
D75,1970-06-12,Macro,1644.3831787109375
D75,1970-06-13,Macro,1637.8394775390625
D75,1970-06-14,Macro,1636.772705078125
D75,1970-06-15,Macro,1667.872802734375
D75,1970-06-16,Macro,1653.349853515625
D75,1970-06-17,Macro,1645.0404052734375
D75,1970-06-18,Macro,1638.9703369140625
D75,1970-06-19,Macro,1651.173828125
D75,1970-06-20,Macro,1623.371337890625
D75,1970-06-21,Macro,1636.747802734375
D75,1970-06-22,Macro,1664.6552734375
D75,1970-06-23,Macro,1653.5517578125
D76,1970-04-08,Macro,1805.730224609375
D76,1970-04-09,Macro,1792.089111328125
D76,1970-04-10,Macro,1807.64208984375
D76,1970-04-11,Macro,1799.604736328125
D76,1970-04-12,Macro,1798.74951171875
D76,1970-04-13,Macro,1832.9984130859375
D76,1970-04-14,Macro,1816.95458984375
D76,1970-04-15,Macro,1807.785400390625
D76,1970-04-16,Macro,1800.851318359375
D76,1970-04-17,Macro,1815.1319580078125
D76,1970-04-18,Macro,1784.9927978515625
D76,1970-04-19,Macro,1799.362060546875
D76,1970-04-20,Macro,1829.8897705078125
D76,1970-04-21,Macro,1817.91796875
D77,1970-08-13,Macro,1939.7386474609375
D77,1970-08-14,Macro,1924.7218017578125
D77,1970-08-15,Macro,1941.154541015625
D77,1970-08-16,Macro,1933.1383056640625
D77,1970-08-17,Macro,1932.0452880859375
D77,1970-08-18,Macro,1968.837890625
D77,1970-08-19,Macro,1951.717529296875
D77,1970-08-20,Macro,1942.049560546875
D77,1970-08-21,Macro,1934.552490234375
D77,1970-08-22,Macro,1948.98388671875
D77,1970-08-23,Macro,1916.5301513671875
D77,1970-08-24,Macro,1932.33544921875
D77,1970-08-25,Macro,1965.125732421875
D77,1970-08-26,Macro,1952.0946044921875
D78,1970-08-13,Macro,3226.188232421875
D78,1970-08-14,Macro,3201.4755859375
D78,1970-08-15,Macro,3229.533447265625
D78,1970-08-16,Macro,3214.34228515625
D78,1970-08-17,Macro,3212.80517578125
D78,1970-08-18,Macro,3275.544921875
D78,1970-08-19,Macro,3245.31787109375
D78,1970-08-20,Macro,3230.42578125
D78,1970-08-21,Macro,3219.41796875
D78,1970-08-22,Macro,3242.495849609375
D78,1970-08-23,Macro,3189.895751953125
D78,1970-08-24,Macro,3214.552490234375
D78,1970-08-25,Macro,3269.18798828125
D78,1970-08-26,Macro,3247.92431640625
D79,1970-06-10,Macro,9914.3447265625
D79,1970-06-11,Macro,9840.162109375
D79,1970-06-12,Macro,9927.33984375
D79,1970-06-13,Macro,9883.5859375
D79,1970-06-14,Macro,9876.7861328125
D79,1970-06-15,Macro,10066.6416015625
D79,1970-06-16,Macro,9974.876953125
D79,1970-06-17,Macro,9926.416015625
D79,1970-06-18,Macro,9893.8681640625
D79,1970-06-19,Macro,9969.025390625
D79,1970-06-20,Macro,9802.498046875
D79,1970-06-21,Macro,9880.6337890625
D79,1970-06-22,Macro,10048.5283203125
D79,1970-06-23,Macro,9982.8115234375
D8,1972-09-26,Macro,1734.356689453125
D8,1972-09-27,Macro,1720.967529296875
D8,1972-09-28,Macro,1735.6893310546875
D8,1972-09-29,Macro,1728.56982421875
D8,1972-09-30,Macro,1727.510498046875
D8,1972-10-01,Macro,1760.3834228515625
D8,1972-10-02,Macro,1745.11669921875
D8,1972-10-03,Macro,1736.4033203125
D8,1972-10-04,Macro,1729.7445068359375
D8,1972-10-05,Macro,1742.6622314453125
D8,1972-10-06,Macro,1713.5631103515625
D8,1972-10-07,Macro,1727.806396484375
D8,1972-10-08,Macro,1757.1026611328125
D8,1972-10-09,Macro,1745.4271240234375
D80,1970-04-08,Macro,2499.85986328125
D80,1970-04-09,Macro,2481.04150390625
D80,1970-04-10,Macro,2502.717041015625
D80,1970-04-11,Macro,2491.278564453125
D80,1970-04-12,Macro,2490.1484375
D80,1970-04-13,Macro,2537.7978515625
D80,1970-04-14,Macro,2515.288818359375
D80,1970-04-15,Macro,2502.748291015625
D80,1970-04-16,Macro,2493.433837890625
D80,1970-04-17,Macro,2513.127197265625
D80,1970-04-18,Macro,2471.569091796875
D80,1970-04-19,Macro,2491.173583984375
D80,1970-04-20,Macro,2533.489013671875
D80,1970-04-21,Macro,2516.99951171875
D81,1970-06-10,Macro,1565.7628173828125
D81,1970-06-11,Macro,1553.7193603515625
D81,1970-06-12,Macro,1567.137451171875
D81,1970-06-13,Macro,1560.6702880859375
D81,1970-06-14,Macro,1559.7242431640625
D81,1970-06-15,Macro,1589.4124755859375
D81,1970-06-16,Macro,1575.416259765625
D81,1970-06-17,Macro,1567.6256103515625
D81,1970-06-18,Macro,1561.8525390625
D81,1970-06-19,Macro,1573.626220703125
D81,1970-06-20,Macro,1547.2626953125
D81,1970-06-21,Macro,1559.83984375
D81,1970-06-22,Macro,1586.4049072265625
D81,1970-06-23,Macro,1575.8953857421875
D82,1970-08-08,Macro,1107.487548828125
D82,1970-08-09,Macro,1099.7529296875
D82,1970-08-10,Macro,1109.93212890625
D82,1970-08-11,Macro,1104.388916015625
D82,1970-08-12,Macro,1103.564453125
D82,1970-08-13,Macro,1124.9150390625
D82,1970-08-14,Macro,1114.2841796875
D82,1970-08-15,Macro,1108.7701416015625
D82,1970-08-16,Macro,1105.677734375
D82,1970-08-17,Macro,1114.8092041015625
D82,1970-08-18,Macro,1096.224609375
D82,1970-08-19,Macro,1104.6690673828125
D82,1970-08-20,Macro,1123.3321533203125
D82,1970-08-21,Macro,1116.2161865234375
D83,1970-06-01,Macro,2928.581787109375
D83,1970-06-02,Macro,2908.303955078125
D83,1970-06-03,Macro,2935.606201171875
D83,1970-06-04,Macro,2920.20361328125
D83,1970-06-05,Macro,2918.361083984375
D83,1970-06-06,Macro,2974.9912109375
D83,1970-06-07,Macro,2946.46826171875
D83,1970-06-08,Macro,2931.803466796875
D83,1970-06-09,Macro,2924.048583984375
D83,1970-06-10,Macro,2949.015625
D83,1970-06-11,Macro,2899.941650390625
D83,1970-06-12,Macro,2921.310791015625
D83,1970-06-13,Macro,2970.997802734375
D83,1970-06-14,Macro,2952.38037109375
D84,1970-08-13,Macro,1728.7369384765625
D84,1970-08-14,Macro,1715.6121826171875
D84,1970-08-15,Macro,1730.62109375
D84,1970-08-16,Macro,1723.230224609375
D84,1970-08-17,Macro,1722.1109619140625
D84,1970-08-18,Macro,1754.999755859375
D84,1970-08-19,Macro,1739.410400390625
D84,1970-08-20,Macro,1730.7193603515625
D84,1970-08-21,Macro,1724.5948486328125
D84,1970-08-22,Macro,1737.8551025390625
D84,1970-08-23,Macro,1708.73291015625
D84,1970-08-24,Macro,1722.547607421875
D84,1970-08-25,Macro,1751.8367919921875
D84,1970-08-26,Macro,1740.28076171875
D85,1971-04-06,Macro,6376.576171875
D85,1971-04-07,Macro,6332.26416015625
D85,1971-04-08,Macro,6392.82080078125
D85,1971-04-09,Macro,6355.32666015625
D85,1971-04-10,Macro,6353.4697265625
D85,1971-04-11,Macro,6478.3388671875
D85,1971-04-12,Macro,6414.3701171875
D85,1971-04-13,Macro,6383.50341796875
D85,1971-04-14,Macro,6365.97265625
D85,1971-04-15,Macro,6422.8798828125
D85,1971-04-16,Macro,6318.14208984375
D85,1971-04-17,Macro,6360.3837890625
D85,1971-04-18,Macro,6469.31884765625
D85,1971-04-19,Macro,6429.453125
D86,1971-08-13,Macro,7128.8857421875
D86,1971-08-14,Macro,7076.7451171875
D86,1971-08-15,Macro,7141.11279296875
D86,1971-08-16,Macro,7104.7041015625
D86,1971-08-17,Macro,7101.5478515625
D86,1971-08-18,Macro,7239.66552734375
D86,1971-08-19,Macro,7171.5654296875
D86,1971-08-20,Macro,7137.783203125
D86,1971-08-21,Macro,7114.75341796875
D86,1971-08-22,Macro,7171.62158203125
D86,1971-08-23,Macro,7054.7724609375
D86,1971-08-24,Macro,7106.93505859375
D86,1971-08-25,Macro,7227.71533203125
D86,1971-08-26,Macro,7181.591796875
D87,1971-07-10,Macro,2158.364990234375
D87,1971-07-11,Macro,2142.502197265625
D87,1971-07-12,Macro,2161.105712890625
D87,1971-07-13,Macro,2150.782958984375
D87,1971-07-14,Macro,2149.712646484375
D87,1971-07-15,Macro,2191.38916015625
D87,1971-07-16,Macro,2171.299560546875
D87,1971-07-17,Macro,2161.42041015625
D87,1971-07-18,Macro,2153.699462890625
D87,1971-07-19,Macro,2169.48291015625
D87,1971-07-20,Macro,2134.430908203125
D87,1971-07-21,Macro,2151.70654296875
D87,1971-07-22,Macro,2187.71630859375
D87,1971-07-23,Macro,2173.7333984375
D88,1971-07-10,Macro,2256.063232421875
D88,1971-07-11,Macro,2239.443603515625
D88,1971-07-12,Macro,2258.870361328125
D88,1971-07-13,Macro,2248.090087890625
D88,1971-07-14,Macro,2246.97802734375
D88,1971-07-15,Macro,2290.56201171875
D88,1971-07-16,Macro,2269.545654296875
D88,1971-07-17,Macro,2259.294921875
D88,1971-07-18,Macro,2251.159423828125
D88,1971-07-19,Macro,2267.581787109375
D88,1971-07-20,Macro,2231.00048828125
D88,1971-07-21,Macro,2249.05029296875
D88,1971-07-22,Macro,2286.668212890625
D88,1971-07-23,Macro,2272.035400390625
D89,1971-07-10,Macro,2044.1551513671875
D89,1971-07-11,Macro,2029.508544921875
D89,1971-07-12,Macro,2047.52783203125
D89,1971-07-13,Macro,2037.27197265625
D89,1971-07-14,Macro,2036.2327880859375
D89,1971-07-15,Macro,2075.772216796875
D89,1971-07-16,Macro,2056.4619140625
D89,1971-07-17,Macro,2046.8963623046875
D89,1971-07-18,Macro,2040.0701904296875
D89,1971-07-19,Macro,2055.806884765625
D89,1971-07-20,Macro,2022.4649658203125
D89,1971-07-21,Macro,2038.4442138671875
D89,1971-07-22,Macro,2072.605224609375
D89,1971-07-23,Macro,2059.50732421875
D9,1972-09-26,Macro,1587.0335693359375
D9,1972-09-27,Macro,1574.79150390625
D9,1972-09-28,Macro,1588.2769775390625
D9,1972-09-29,Macro,1581.7353515625
D9,1972-09-30,Macro,1580.770263671875
D9,1972-10-01,Macro,1610.8638916015625
D9,1972-10-02,Macro,1596.874267578125
D9,1972-10-03,Macro,1588.90576171875
D9,1972-10-04,Macro,1582.8310546875
D9,1972-10-05,Macro,1594.6654052734375
D9,1972-10-06,Macro,1568.0458984375
D9,1972-10-07,Macro,1581.05615234375
D9,1972-10-08,Macro,1607.8670654296875
D9,1972-10-09,Macro,1597.18994140625
D90,1971-07-10,Macro,2055.679443359375
D90,1971-07-11,Macro,2041.0050048828125
D90,1971-07-12,Macro,2059.20263671875
D90,1971-07-13,Macro,2048.80224609375
D90,1971-07-14,Macro,2047.7557373046875
D90,1971-07-15,Macro,2087.5283203125
D90,1971-07-16,Macro,2068.06005859375
D90,1971-07-17,Macro,2058.408447265625
D90,1971-07-18,Macro,2051.597900390625
D90,1971-07-19,Macro,2067.587890625
D90,1971-07-20,Macro,2034.032470703125
D90,1971-07-21,Macro,2050.0234375
D90,1971-07-22,Macro,2084.384765625
D90,1971-07-23,Macro,2071.229248046875
D91,1971-07-10,Macro,2054.065185546875
D91,1971-07-11,Macro,2039.1287841796875
D91,1971-07-12,Macro,2056.989501953125
D91,1971-07-13,Macro,2047.0869140625
D91,1971-07-14,Macro,2045.9918212890625
D91,1971-07-15,Macro,2085.631591796875
D91,1971-07-16,Macro,2066.4365234375
D91,1971-07-17,Macro,2056.8818359375
D91,1971-07-18,Macro,2049.805419921875
D91,1971-07-19,Macro,2065.133544921875
D91,1971-07-20,Macro,2031.5989990234375
D91,1971-07-21,Macro,2047.9700927734375
D91,1971-07-22,Macro,2082.27392578125
D91,1971-07-23,Macro,2069.009033203125
D92,1971-07-10,Macro,2074.352294921875
D92,1971-07-11,Macro,2059.538818359375
D92,1971-07-12,Macro,2077.896728515625
D92,1971-07-13,Macro,2067.3564453125
D92,1971-07-14,Macro,2066.350830078125
D92,1971-07-15,Macro,2106.466552734375
D92,1971-07-16,Macro,2086.856201171875
D92,1971-07-17,Macro,2077.0869140625
D92,1971-07-18,Macro,2070.136962890625
D92,1971-07-19,Macro,2086.37353515625
D92,1971-07-20,Macro,2052.53564453125
D92,1971-07-21,Macro,2068.629638671875
D92,1971-07-22,Macro,2103.313232421875
D92,1971-07-23,Macro,2090.044921875
D93,1971-07-10,Macro,2327.2392578125
D93,1971-07-11,Macro,2310.03466796875
D93,1971-07-12,Macro,2330.068115234375
D93,1971-07-13,Macro,2318.862060546875
D93,1971-07-14,Macro,2317.765380859375
D93,1971-07-15,Macro,2362.83740234375
D93,1971-07-16,Macro,2341.068115234375
D93,1971-07-17,Macro,2330.594970703125
D93,1971-07-18,Macro,2322.212646484375
D93,1971-07-19,Macro,2339.034423828125
D93,1971-07-20,Macro,2301.41162109375
D93,1971-07-21,Macro,2319.9228515625
D93,1971-07-22,Macro,2358.74658203125
D93,1971-07-23,Macro,2343.65771484375
D94,1971-07-10,Macro,2149.103515625
D94,1971-07-11,Macro,2133.517822265625
D94,1971-07-12,Macro,2152.317626953125
D94,1971-07-13,Macro,2141.9453125
D94,1971-07-14,Macro,2140.813232421875
D94,1971-07-15,Macro,2182.10595703125
D94,1971-07-16,Macro,2162.185791015625
D94,1971-07-17,Macro,2151.8349609375
D94,1971-07-18,Macro,2144.3564453125
D94,1971-07-19,Macro,2161.0869140625
D94,1971-07-20,Macro,2125.72265625
D94,1971-07-21,Macro,2142.746337890625
D94,1971-07-22,Macro,2178.720947265625
D94,1971-07-23,Macro,2164.813720703125
D95,1971-07-10,Macro,2123.709716796875
D95,1971-07-11,Macro,2108.35498046875
D95,1971-07-12,Macro,2126.986572265625
D95,1971-07-13,Macro,2116.63916015625
D95,1971-07-14,Macro,2115.522705078125
D95,1971-07-15,Macro,2156.38427734375
D95,1971-07-16,Macro,2136.61279296875
D95,1971-07-17,Macro,2126.420654296875
D95,1971-07-18,Macro,2119.11474609375
D95,1971-07-19,Macro,2135.666748046875
D95,1971-07-20,Macro,2100.76025390625
D95,1971-07-21,Macro,2117.512939453125
D95,1971-07-22,Macro,2153.0595703125
D95,1971-07-23,Macro,2139.34375
D96,1971-07-10,Macro,2044.3480224609375
D96,1971-07-11,Macro,2029.60009765625
D96,1971-07-12,Macro,2047.506103515625
D96,1971-07-13,Macro,2037.479248046875
D96,1971-07-14,Macro,2036.3870849609375
D96,1971-07-15,Macro,2075.877685546875
D96,1971-07-16,Macro,2056.664306640625
D96,1971-07-17,Macro,2047.1170654296875
D96,1971-07-18,Macro,2040.2210693359375
D96,1971-07-19,Macro,2055.70703125
D96,1971-07-20,Macro,2022.312255859375
D96,1971-07-21,Macro,2038.4722900390625
D96,1971-07-22,Macro,2072.625
D96,1971-07-23,Macro,2059.469482421875
D97,1971-07-10,Macro,2099.129638671875
D97,1971-07-11,Macro,2084.0205078125
D97,1971-07-12,Macro,2102.503173828125
D97,1971-07-13,Macro,2092.079345703125
D97,1971-07-14,Macro,2091.02392578125
D97,1971-07-15,Macro,2131.50830078125
D97,1971-07-16,Macro,2111.83642578125
D97,1971-07-17,Macro,2101.851318359375
D97,1971-07-18,Macro,2094.6982421875
D97,1971-07-19,Macro,2111.075439453125
D97,1971-07-20,Macro,2076.700927734375
D97,1971-07-21,Macro,2093.126953125
D97,1971-07-22,Macro,2128.2529296875
D97,1971-07-23,Macro,2114.750244140625
D98,1971-03-13,Macro,1908.833740234375
D98,1971-03-14,Macro,1894.0604248046875
D98,1971-03-15,Macro,1909.992431640625
D98,1971-03-16,Macro,1901.9227294921875
D98,1971-03-17,Macro,1901.07568359375
D98,1971-03-18,Macro,1937.2838134765625
D98,1971-03-19,Macro,1920.431640625
D98,1971-03-20,Macro,1911.3922119140625
D98,1971-03-21,Macro,1903.3935546875
D98,1971-03-22,Macro,1917.3731689453125
D98,1971-03-23,Macro,1885.9990234375
D98,1971-03-24,Macro,1901.5904541015625
D98,1971-03-25,Macro,1933.5970458984375
D98,1971-03-26,Macro,1920.828125
D99,1972-10-03,Macro,9877.580078125
D99,1972-10-04,Macro,9795.74609375
D99,1972-10-05,Macro,9873.69140625
D99,1972-10-06,Macro,9846.7314453125
D99,1972-10-07,Macro,9838.2958984375
D99,1972-10-08,Macro,10019.474609375
D99,1972-10-09,Macro,9942.0400390625
D99,1972-10-10,Macro,9887.1171875
D99,1972-10-11,Macro,9843.529296875
D99,1972-10-12,Macro,9912.376953125
D99,1972-10-13,Macro,9739.62109375
D99,1972-10-14,Macro,9830.4208984375
D99,1972-10-15,Macro,9998.1748046875
D99,1972-10-16,Macro,9928.1728515625
