unique_id,ds,x,y_hat
M1,2009-02-28,Macro,6224.44873046875
M1,2009-03-31,Macro,6185.77783203125
M1,2009-04-30,Macro,6132.32275390625
M1,2009-05-31,Macro,6243.3408203125
M1,2009-06-30,Macro,6214.177734375
M1,2009-07-31,Macro,6232.8720703125
M1,2009-08-31,Macro,6275.27783203125
M1,2009-09-30,Macro,6232.228515625
M1,2009-10-31,Macro,6235.0068359375
M1,2009-11-30,Macro,6178.5068359375
M1,2009-12-31,Macro,6182.01611328125
M1,2010-01-31,Macro,6231.3564453125
M1,2010-02-28,Macro,6216.80126953125
M1,2010-03-31,Macro,6266.8681640625
M1,2010-04-30,Macro,6228.6494140625
M1,2010-05-31,Macro,6338.49072265625
M1,2010-06-30,Macro,6259.49609375
M1,2010-07-31,Macro,6237.78857421875
M10,2000-07-31,Macro,6716.2060546875
M10,2000-08-31,Macro,6681.99658203125
M10,2000-09-30,Macro,6606.1640625
M10,2000-10-31,Macro,6691.705078125
M10,2000-11-30,Macro,6684.40966796875
M10,2000-12-31,Macro,6703.23583984375
M10,2001-01-31,Macro,6771.38818359375
M10,2001-02-28,Macro,6703.0029296875
M10,2001-03-31,Macro,6739.80078125
M10,2001-04-30,Macro,6681.06689453125
M10,2001-05-31,Macro,6703.20263671875
M10,2001-06-30,Macro,6718.8759765625
M10,2001-07-31,Macro,6692.02197265625
M10,2001-08-31,Macro,6758.11376953125
M10,2001-09-30,Macro,6733.42431640625
M10,2001-10-31,Macro,6808.47119140625
M10,2001-11-30,Macro,6746.78076171875
M10,2001-12-31,Macro,6726.05419921875
M100,1994-05-31,Macro,2182.76708984375
M100,1994-06-30,Macro,2169.091552734375
M100,1994-07-31,Macro,2143.559326171875
M100,1994-08-31,Macro,2174.745361328125
M100,1994-09-30,Macro,2170.257568359375
M100,1994-10-31,Macro,2177.982177734375
M100,1994-11-30,Macro,2199.118408203125
M100,1994-12-31,Macro,2178.98193359375
M100,1995-01-31,Macro,2188.888427734375
M100,1995-02-28,Macro,2165.622314453125
M100,1995-03-31,Macro,2173.918212890625
M100,1995-04-30,Macro,2181.120361328125
M100,1995-05-31,Macro,2173.09619140625
M100,1995-06-30,Macro,2192.654296875
M100,1995-07-31,Macro,2186.207275390625
M100,1995-08-31,Macro,2213.967529296875
M100,1995-09-30,Macro,2190.978271484375
M100,1995-10-31,Macro,2183.423583984375
M11,2021-07-31,Macro,12791.6171875
M11,2021-08-31,Macro,12714.5234375
M11,2021-09-30,Macro,12562.0537109375
M11,2021-10-31,Macro,12732.947265625
M11,2021-11-30,Macro,12715.1953125
M11,2021-12-31,Macro,12757.271484375
M11,2022-01-31,Macro,12890.9853515625
M11,2022-02-28,Macro,12763.7109375
M11,2022-03-31,Macro,12827.890625
M11,2022-04-30,Macro,12697.109375
M11,2022-05-31,Macro,12749.9267578125
M11,2022-06-30,Macro,12783.044921875
M11,2022-07-31,Macro,12733.2001953125
M11,2022-08-31,Macro,12851.7080078125
M11,2022-09-30,Macro,12815.5234375
M11,2022-10-31,Macro,12971.2099609375
M11,2022-11-30,Macro,12842.8173828125
M11,2022-12-31,Macro,12797.9658203125
M12,2046-07-31,Macro,2786.667724609375
M12,2046-08-31,Macro,2769.36669921875
M12,2046-09-30,Macro,2736.587646484375
M12,2046-10-31,Macro,2775.57958984375
M12,2046-11-30,Macro,2770.6025390625
M12,2046-12-31,Macro,2780.069091796875
M12,2047-01-31,Macro,2807.781982421875
M12,2047-02-28,Macro,2781.50634765625
M12,2047-03-31,Macro,2793.946044921875
M12,2047-04-30,Macro,2765.05029296875
M12,2047-05-31,Macro,2775.923828125
M12,2047-06-30,Macro,2784.69580078125
M12,2047-07-31,Macro,2774.310302734375
M12,2047-08-31,Macro,2799.570556640625
M12,2047-09-30,Macro,2790.96923828125
M12,2047-10-31,Macro,2826.68310546875
M12,2047-11-30,Macro,2797.7236328125
M12,2047-12-31,Macro,2787.75927734375
M13,2046-07-31,Macro,2186.66943359375
M13,2046-08-31,Macro,2172.98046875
M13,2046-09-30,Macro,2147.26318359375
M13,2046-10-31,Macro,2178.289794921875
M13,2046-11-30,Macro,2174.028564453125
M13,2046-12-31,Macro,2181.640869140625
M13,2047-01-31,Macro,2203.135498046875
M13,2047-02-28,Macro,2182.714111328125
M13,2047-03-31,Macro,2192.496337890625
M13,2047-04-30,Macro,2169.45751953125
M13,2047-05-31,Macro,2177.852294921875
M13,2047-06-30,Macro,2185.025146484375
M13,2047-07-31,Macro,2176.949462890625
M13,2047-08-31,Macro,2196.662109375
M13,2047-09-30,Macro,2190.004150390625
M13,2047-10-31,Macro,2218.0810546875
M13,2047-11-30,Macro,2195.10546875
M13,2047-12-31,Macro,2187.3798828125
M14,2030-07-31,Macro,5025.89501953125
M14,2030-08-31,Macro,4999.0908203125
M14,2030-09-30,Macro,4938.8818359375
M14,2030-10-31,Macro,4999.04931640625
M14,2030-11-30,Macro,4996.95166015625
M14,2030-12-31,Macro,5011.01171875
M14,2031-01-31,Macro,5067.263671875
M14,2031-02-28,Macro,5012.369140625
M14,2031-03-31,Macro,5041.7421875
M14,2031-04-30,Macro,4996.79248046875
M14,2031-05-31,Macro,5017.6318359375
M14,2031-06-30,Macro,5025.26806640625
M14,2031-07-31,Macro,5004.39990234375
M14,2031-08-31,Macro,5054.0888671875
M14,2031-09-30,Macro,5038.18701171875
M14,2031-10-31,Macro,5093.6591796875
M14,2031-11-30,Macro,5048.6962890625
M14,2031-12-31,Macro,5031.86767578125
M15,2030-07-31,Macro,2715.70654296875
M15,2030-08-31,Macro,2698.845703125
M15,2030-09-30,Macro,2666.964111328125
M15,2030-10-31,Macro,2705.352294921875
M15,2030-11-30,Macro,2700.08203125
M15,2030-12-31,Macro,2709.513671875
M15,2031-01-31,Macro,2736.2705078125
M15,2031-02-28,Macro,2710.770263671875
M15,2031-03-31,Macro,2723.17578125
M15,2031-04-30,Macro,2694.613037109375
M15,2031-05-31,Macro,2704.95458984375
M15,2031-06-30,Macro,2713.797607421875
M15,2031-07-31,Macro,2703.725341796875
M15,2031-08-31,Macro,2728.303955078125
M15,2031-09-30,Macro,2720.071533203125
M15,2031-10-31,Macro,2754.6357421875
M15,2031-11-30,Macro,2726.1904296875
M15,2031-12-31,Macro,2716.68408203125
M16,2030-07-31,Macro,14509.2763671875
M16,2030-08-31,Macro,14417.9580078125
M16,2030-09-30,Macro,14245.6787109375
M16,2030-10-31,Macro,14448.4638671875
M16,2030-11-30,Macro,14422.064453125
M16,2030-12-31,Macro,14472.6533203125
M16,2031-01-31,Macro,14619.2607421875
M16,2031-02-28,Macro,14480.7021484375
M16,2031-03-31,Macro,14548.4609375
M16,2031-04-30,Macro,14393.4814453125
M16,2031-05-31,Macro,14452.2626953125
M16,2031-06-30,Macro,14496.76953125
M16,2031-07-31,Macro,14441.9970703125
M16,2031-08-31,Macro,14572.8662109375
M16,2031-09-30,Macro,14532.7294921875
M16,2031-10-31,Macro,14716.2099609375
M16,2031-11-30,Macro,14564.3359375
M16,2031-12-31,Macro,14512.939453125
M17,2030-07-31,Macro,8031.21533203125
M17,2030-08-31,Macro,7983.13037109375
M17,2030-09-30,Macro,7886.68798828125
M17,2030-10-31,Macro,7991.9599609375
M17,2030-11-30,Macro,7982.10400390625
M17,2030-12-31,Macro,8008.318359375
M17,2031-01-31,Macro,8094.17626953125
M17,2031-02-28,Macro,8012.68408203125
M17,2031-03-31,Macro,8055.00244140625
M17,2031-04-30,Macro,7972.17529296875
M17,2031-05-31,Macro,8006.64892578125
M17,2031-06-30,Macro,8025.45703125
M17,2031-07-31,Macro,7993.5234375
M17,2031-08-31,Macro,8068.2548828125
M17,2031-09-30,Macro,8047.42578125
M17,2031-10-31,Macro,8142.97119140625
M17,2031-11-30,Macro,8063.03564453125
M17,2031-12-31,Macro,8034.99169921875
M18,2030-07-31,Macro,6477.69775390625
M18,2030-08-31,Macro,6434.38525390625
M18,2030-09-30,Macro,6358.50537109375
M18,2030-10-31,Macro,6456.29248046875
M18,2030-11-30,Macro,6439.65673828125
M18,2030-12-31,Macro,6463.9892578125
M18,2031-01-31,Macro,6524.77197265625
M18,2031-02-28,Macro,6467.697265625
M18,2031-03-31,Macro,6493.134765625
M18,2031-04-30,Macro,6420.7216796875
M18,2031-05-31,Macro,6444.98046875
M18,2031-06-30,Macro,6470.80810546875
M18,2031-07-31,Macro,6448.10107421875
M18,2031-08-31,Macro,6504.09130859375
M18,2031-09-30,Macro,6484.86376953125
M18,2031-10-31,Macro,6573.03125
M18,2031-11-30,Macro,6500.869140625
M18,2031-12-31,Macro,6477.5458984375
M19,1984-07-31,Macro,3301.11669921875
M19,1984-08-31,Macro,3267.2568359375
M19,1984-09-30,Macro,3230.3818359375
M19,1984-10-31,Macro,3314.49658203125
M19,1984-11-30,Macro,3285.056396484375
M19,1984-12-31,Macro,3302.522705078125
M19,1985-01-31,Macro,3320.460205078125
M19,1985-02-28,Macro,3304.217529296875
M19,1985-03-31,Macro,3304.5986328125
M19,1985-04-30,Macro,3248.32177734375
M19,1985-05-31,Macro,3252.750732421875
M19,1985-06-30,Macro,3289.48974609375
M19,1985-07-31,Macro,3287.0869140625
M19,1985-08-31,Macro,3305.58349609375
M19,1985-09-30,Macro,3293.1513671875
M19,1985-10-31,Macro,3360.7880859375
M19,1985-11-30,Macro,3303.990478515625
M19,1985-12-31,Macro,3293.908935546875
M2,2009-02-28,Macro,2180.357421875
M2,2009-03-31,Macro,2170.985595703125
M2,2009-04-30,Macro,2155.118408203125
M2,2009-05-31,Macro,2199.555908203125
M2,2009-06-30,Macro,2181.898193359375
M2,2009-07-31,Macro,2190.472412109375
M2,2009-08-31,Macro,2201.539794921875
M2,2009-09-30,Macro,2185.5576171875
M2,2009-10-31,Macro,2197.325927734375
M2,2009-11-30,Macro,2171.85595703125
M2,2009-12-31,Macro,2164.672607421875
M2,2010-01-31,Macro,2187.595703125
M2,2010-02-28,Macro,2183.201171875
M2,2010-03-31,Macro,2202.878662109375
M2,2010-04-30,Macro,2190.648681640625
M2,2010-05-31,Macro,2219.15869140625
M2,2010-06-30,Macro,2188.115966796875
M2,2010-07-31,Macro,2186.82958984375
M20,1984-07-31,Macro,3741.72314453125
M20,1984-08-31,Macro,3718.6923828125
M20,1984-09-30,Macro,3678.197998046875
M20,1984-10-31,Macro,3755.0205078125
M20,1984-11-30,Macro,3739.781494140625
M20,1984-12-31,Macro,3743.024169921875
M20,1985-01-31,Macro,3776.51416015625
M20,1985-02-28,Macro,3746.09033203125
M20,1985-03-31,Macro,3763.36669921875
M20,1985-04-30,Macro,3707.6962890625
M20,1985-05-31,Macro,3714.87353515625
M20,1985-06-30,Macro,3737.8017578125
M20,1985-07-31,Macro,3739.277099609375
M20,1985-08-31,Macro,3768.65478515625
M20,1985-09-30,Macro,3750.1787109375
M20,1985-10-31,Macro,3810.4990234375
M20,1985-11-30,Macro,3757.06591796875
M20,1985-12-31,Macro,3745.14892578125
M21,1984-07-31,Macro,1558.646240234375
M21,1984-08-31,Macro,1542.646484375
M21,1984-09-30,Macro,1525.705078125
M21,1984-10-31,Macro,1563.7020263671875
M21,1984-11-30,Macro,1551.6297607421875
M21,1984-12-31,Macro,1558.892333984375
M21,1985-01-31,Macro,1567.6614990234375
M21,1985-02-28,Macro,1560.2747802734375
M21,1985-03-31,Macro,1556.3734130859375
M21,1985-04-30,Macro,1534.5726318359375
M21,1985-05-31,Macro,1536.9356689453125
M21,1985-06-30,Macro,1553.842041015625
M21,1985-07-31,Macro,1553.0391845703125
M21,1985-08-31,Macro,1561.8660888671875
M21,1985-09-30,Macro,1552.7886962890625
M21,1985-10-31,Macro,1588.8218994140625
M21,1985-11-30,Macro,1563.33740234375
M21,1985-12-31,Macro,1556.8531494140625
M22,1984-07-31,Macro,1059.4151611328125
M22,1984-08-31,Macro,1052.5184326171875
M22,1984-09-30,Macro,1046.3985595703125
M22,1984-10-31,Macro,1080.0435791015625
M22,1984-11-30,Macro,1066.7342529296875
M22,1984-12-31,Macro,1070.0758056640625
M22,1985-01-31,Macro,1070.3701171875
M22,1985-02-28,Macro,1068.3443603515625
M22,1985-03-31,Macro,1065.6708984375
M22,1985-04-30,Macro,1049.22802734375
M22,1985-05-31,Macro,1043.8218994140625
M22,1985-06-30,Macro,1061.2470703125
M22,1985-07-31,Macro,1063.790771484375
M22,1985-08-31,Macro,1068.572265625
M22,1985-09-30,Macro,1059.41259765625
M22,1985-10-31,Macro,1087.633544921875
M22,1985-11-30,Macro,1064.038818359375
M22,1985-12-31,Macro,1063.2581787109375
M23,1984-07-31,Macro,6467.0380859375
M23,1984-08-31,Macro,6431.9794921875
M23,1984-09-30,Macro,6376.2421875
M23,1984-10-31,Macro,6526.81640625
M23,1984-11-30,Macro,6482.59423828125
M23,1984-12-31,Macro,6496.3046875
M23,1985-01-31,Macro,6524.62109375
M23,1985-02-28,Macro,6492.24365234375
M23,1985-03-31,Macro,6507.45556640625
M23,1985-04-30,Macro,6423.61328125
M23,1985-05-31,Macro,6410.783203125
M23,1985-06-30,Macro,6474.130859375
M23,1985-07-31,Macro,6479.25732421875
M23,1985-08-31,Macro,6528.3134765625
M23,1985-09-30,Macro,6478.82958984375
M23,1985-10-31,Macro,6595.14306640625
M23,1985-11-30,Macro,6493.8125
M23,1985-12-31,Macro,6481.4248046875
M24,2026-06-30,Macro,12082.62109375
M24,2026-07-31,Macro,12005.662109375
M24,2026-08-31,Macro,11863.560546875
M24,2026-09-30,Macro,12035.98828125
M24,2026-10-31,Macro,12011.3828125
M24,2026-11-30,Macro,12054.22265625
M24,2026-12-31,Macro,12173.51171875
M24,2027-01-31,Macro,12061.072265625
M24,2027-02-28,Macro,12114.685546875
M24,2027-03-31,Macro,11984.4423828125
M24,2027-04-30,Macro,12031.6748046875
M24,2027-05-31,Macro,12072.537109375
M24,2027-06-30,Macro,12028.076171875
M24,2027-07-31,Macro,12136.0966796875
M24,2027-08-31,Macro,12100.9541015625
M24,2027-09-30,Macro,12257.3798828125
M24,2027-10-31,Macro,12128.5390625
M24,2027-11-30,Macro,12085.2646484375
M25,2026-06-30,Macro,6589.6767578125
M25,2026-07-31,Macro,6547.12939453125
M25,2026-08-31,Macro,6469.60791015625
M25,2026-09-30,Macro,6564.4501953125
M25,2026-10-31,Macro,6550.47119140625
M25,2026-11-30,Macro,6574.16455078125
M25,2026-12-31,Macro,6638.97412109375
M25,2027-01-31,Macro,6578.171875
M25,2027-02-28,Macro,6606.8564453125
M25,2027-03-31,Macro,6534.83056640625
M25,2027-04-30,Macro,6560.7744140625
M25,2027-05-31,Macro,6583.7001953125
M25,2027-06-30,Macro,6559.60693359375
M25,2027-07-31,Macro,6618.05419921875
M25,2027-08-31,Macro,6599.26708984375
M25,2027-09-30,Macro,6685.43408203125
M25,2027-10-31,Macro,6614.390625
M25,2027-11-30,Macro,6590.58837890625
M26,2011-08-31,Macro,18061.328125
M26,2011-09-30,Macro,17945.966796875
M26,2011-10-31,Macro,17733.1171875
M26,2011-11-30,Macro,17989.869140625
M26,2011-12-31,Macro,17953.810546875
M26,2012-01-31,Macro,18017.7578125
M26,2012-02-29,Macro,18197.388671875
M26,2012-03-31,Macro,18028.44140625
M26,2012-04-30,Macro,18108.708984375
M26,2012-05-31,Macro,17913.818359375
M26,2012-06-30,Macro,17985.296875
M26,2012-07-31,Macro,18045.75390625
M26,2012-08-31,Macro,17979.33984375
M26,2012-09-30,Macro,18140.70703125
M26,2012-10-31,Macro,18088.6953125
M26,2012-11-30,Macro,18322.828125
M26,2012-12-31,Macro,18130.2734375
M26,2013-01-31,Macro,18065.1015625
M27,2011-08-31,Macro,3482.20751953125
M27,2011-09-30,Macro,3464.79541015625
M27,2011-10-31,Macro,3425.998779296875
M27,2011-11-30,Macro,3470.135498046875
M27,2011-12-31,Macro,3466.2412109375
M27,2012-01-31,Macro,3475.9833984375
M27,2012-02-29,Macro,3511.273193359375
M27,2012-03-31,Macro,3476.062255859375
M27,2012-04-30,Macro,3495.49658203125
M27,2012-05-31,Macro,3464.401611328125
M27,2012-06-30,Macro,3475.876708984375
M27,2012-07-31,Macro,3484.05224609375
M27,2012-08-31,Macro,3470.059814453125
M27,2012-09-30,Macro,3504.439208984375
M27,2012-10-31,Macro,3492.045166015625
M27,2012-11-30,Macro,3530.505615234375
M27,2012-12-31,Macro,3498.186279296875
M27,2013-01-31,Macro,3487.475830078125
M28,2000-06-30,Macro,2491.43359375
M28,2000-07-31,Macro,2471.3212890625
M28,2000-08-31,Macro,2439.046875
M28,2000-09-30,Macro,2476.465087890625
M28,2000-10-31,Macro,2473.8779296875
M28,2000-11-30,Macro,2481.91845703125
M28,2000-12-31,Macro,2506.971923828125
M28,2001-01-31,Macro,2486.366455078125
M28,2001-02-28,Macro,2489.306396484375
M28,2001-03-31,Macro,2462.616455078125
M28,2001-04-30,Macro,2477.84375
M28,2001-05-31,Macro,2483.974853515625
M28,2001-06-30,Macro,2475.850341796875
M28,2001-07-31,Macro,2495.23876953125
M28,2001-08-31,Macro,2487.600341796875
M28,2001-09-30,Macro,2528.857666015625
M28,2001-10-31,Macro,2501.735595703125
M28,2001-11-30,Macro,2489.584228515625
M29,2000-06-30,Macro,9114.7216796875
M29,2000-07-31,Macro,9074.1328125
M29,2000-08-31,Macro,8970.2548828125
M29,2000-09-30,Macro,9060.2421875
M29,2000-10-31,Macro,9078.9658203125
M29,2000-11-30,Macro,9088.6806640625
M29,2000-12-31,Macro,9191.85546875
M29,2001-01-31,Macro,9097.6201171875
M29,2001-02-28,Macro,9140.5947265625
M29,2001-03-31,Macro,9077.267578125
M29,2001-04-30,Macro,9125.6494140625
M29,2001-05-31,Macro,9117.2431640625
M29,2001-06-30,Macro,9078.875
M29,2001-07-31,Macro,9169.97265625
M29,2001-08-31,Macro,9136.123046875
M29,2001-09-30,Macro,9239.2890625
M29,2001-10-31,Macro,9171.2685546875
M29,2001-11-30,Macro,9134.57421875
M3,2009-02-28,Macro,13411.6083984375
M3,2009-03-31,Macro,13331.4599609375
M3,2009-04-30,Macro,13174.2021484375
M3,2009-05-31,Macro,13358.4814453125
M3,2009-06-30,Macro,13335.5126953125
M3,2009-07-31,Macro,13380.583984375
M3,2009-08-31,Macro,13515.412109375
M3,2009-09-30,Macro,13386.0712890625
M3,2009-10-31,Macro,13451.73828125
M3,2009-11-30,Macro,13313.8896484375
M3,2009-12-31,Macro,13364.568359375
M3,2010-01-31,Macro,13404.8818359375
M3,2010-02-28,Macro,13354.1845703125
M3,2010-03-31,Macro,13478.2802734375
M3,2010-04-30,Macro,13436.9775390625
M3,2010-05-31,Macro,13602.3857421875
M3,2010-06-30,Macro,13465.0771484375
M3,2010-07-31,Macro,13418.8603515625
M30,2000-06-30,Macro,2687.076171875
M30,2000-07-31,Macro,2663.38134765625
M30,2000-08-31,Macro,2625.649169921875
M30,2000-09-30,Macro,2672.305419921875
M30,2000-10-31,Macro,2664.751220703125
M30,2000-11-30,Macro,2677.537109375
M30,2000-12-31,Macro,2700.6484375
M30,2001-01-31,Macro,2681.87060546875
M30,2001-02-28,Macro,2688.005615234375
M30,2001-03-31,Macro,2650.524169921875
M30,2001-04-30,Macro,2666.560546875
M30,2001-05-31,Macro,2675.238037109375
M30,2001-06-30,Macro,2667.916259765625
M30,2001-07-31,Macro,2686.904052734375
M30,2001-08-31,Macro,2682.166748046875
M30,2001-09-30,Macro,2725.688232421875
M30,2001-10-31,Macro,2692.3515625
M30,2001-11-30,Macro,2680.7177734375
M31,2000-06-30,Macro,5542.9404296875
M31,2000-07-31,Macro,5499.62109375
M31,2000-08-31,Macro,5423.93408203125
M31,2000-09-30,Macro,5508.57177734375
M31,2000-10-31,Macro,5500.9814453125
M31,2000-11-30,Macro,5521.685546875
M31,2000-12-31,Macro,5576.00732421875
M31,2001-01-31,Macro,5529.08349609375
M31,2001-02-28,Macro,5544.19091796875
M31,2001-03-31,Macro,5482.037109375
M31,2001-04-30,Macro,5513.486328125
M31,2001-05-31,Macro,5526.0576171875
M31,2001-06-30,Macro,5508.375
M31,2001-07-31,Macro,5553.59375
M31,2001-08-31,Macro,5536.68115234375
M31,2001-09-30,Macro,5620.84765625
M31,2001-10-31,Macro,5561.4541015625
M31,2001-11-30,Macro,5537.35107421875
M32,2000-06-30,Macro,3865.2822265625
M32,2000-07-31,Macro,3825.818359375
M32,2000-08-31,Macro,3763.923583984375
M32,2000-09-30,Macro,3832.326171875
M32,2000-10-31,Macro,3824.739013671875
M32,2000-11-30,Macro,3843.760498046875
M32,2000-12-31,Macro,3880.80029296875
M32,2001-01-31,Macro,3852.82861328125
M32,2001-02-28,Macro,3857.5302734375
M32,2001-03-31,Macro,3801.650146484375
M32,2001-04-30,Macro,3831.74169921875
M32,2001-05-31,Macro,3840.2939453125
M32,2001-06-30,Macro,3830.050048828125
M32,2001-07-31,Macro,3855.240234375
M32,2001-08-31,Macro,3849.6611328125
M32,2001-09-30,Macro,3919.31396484375
M32,2001-10-31,Macro,3871.1748046875
M32,2001-11-30,Macro,3851.2060546875
M33,2000-06-30,Macro,19882.9453125
M33,2000-07-31,Macro,19731.671875
M33,2000-08-31,Macro,19477.65234375
M33,2000-09-30,Macro,19779.01171875
M33,2000-10-31,Macro,19744.912109375
M33,2000-11-30,Macro,19818.5078125
M33,2000-12-31,Macro,20010.07421875
M33,2001-01-31,Macro,19844.744140625
M33,2001-02-28,Macro,19899.65234375
M33,2001-03-31,Macro,19669.0859375
M33,2001-04-30,Macro,19777.06640625
M33,2001-05-31,Macro,19831.396484375
M33,2001-06-30,Macro,19765.263671875
M33,2001-07-31,Macro,19924.146484375
M33,2001-08-31,Macro,19874.4375
M33,2001-09-30,Macro,20170.982421875
M33,2001-10-31,Macro,19951.349609375
M33,2001-11-30,Macro,19866.69921875
M34,2000-06-30,Macro,5002.4453125
M34,2000-07-31,Macro,4964.50390625
M34,2000-08-31,Macro,4912.5322265625
M34,2000-09-30,Macro,4999.11865234375
M34,2000-10-31,Macro,4978.08642578125
M34,2000-11-30,Macro,4997.35986328125
M34,2000-12-31,Macro,5039.81591796875
M34,2001-01-31,Macro,5002.09423828125
M34,2001-02-28,Macro,5008.5986328125
M34,2001-03-31,Macro,4949.54443359375
M34,2001-04-30,Macro,4964.8466796875
M34,2001-05-31,Macro,4997.681640625
M34,2001-06-30,Macro,4983.4833984375
M34,2001-07-31,Macro,5022.23828125
M34,2001-08-31,Macro,5003.9716796875
M34,2001-09-30,Macro,5088.76806640625
M34,2001-10-31,Macro,5023.39404296875
M34,2001-11-30,Macro,5003.3310546875
M35,2000-06-30,Macro,2478.923828125
M35,2000-07-31,Macro,2465.801025390625
M35,2000-08-31,Macro,2436.892822265625
M35,2000-09-30,Macro,2467.14208984375
M35,2000-10-31,Macro,2467.849609375
M35,2000-11-30,Macro,2472.924560546875
M35,2000-12-31,Macro,2498.724365234375
M35,2001-01-31,Macro,2474.55224609375
M35,2001-02-28,Macro,2484.806396484375
M35,2001-03-31,Macro,2464.935791015625
M35,2001-04-30,Macro,2476.7216796875
M35,2001-05-31,Macro,2478.35888671875
M35,2001-06-30,Macro,2468.723388671875
M35,2001-07-31,Macro,2492.668701171875
M35,2001-08-31,Macro,2482.87109375
M35,2001-09-30,Macro,2513.310302734375
M35,2001-10-31,Macro,2492.123779296875
M35,2001-11-30,Macro,2483.0029296875
M36,2000-06-30,Macro,3910.18603515625
M36,2000-07-31,Macro,3877.47216796875
M36,2000-08-31,Macro,3822.12060546875
M36,2000-09-30,Macro,3879.383056640625
M36,2000-10-31,Macro,3877.62255859375
M36,2000-11-30,Macro,3891.287353515625
M36,2000-12-31,Macro,3932.85205078125
M36,2001-01-31,Macro,3899.53662109375
M36,2001-02-28,Macro,3905.93310546875
M36,2001-03-31,Macro,3860.966552734375
M36,2001-04-30,Macro,3888.79541015625
M36,2001-05-31,Macro,3894.522216796875
M36,2001-06-30,Macro,3881.796630859375
M36,2001-07-31,Macro,3911.791748046875
M36,2001-08-31,Macro,3902.5146484375
M36,2001-09-30,Macro,3967.211181640625
M36,2001-10-31,Macro,3924.642822265625
M36,2001-11-30,Macro,3904.464111328125
M37,2000-06-30,Macro,11497.0087890625
M37,2000-07-31,Macro,11375.7646484375
M37,2000-08-31,Macro,11173.611328125
M37,2000-09-30,Macro,11367.5390625
M37,2000-10-31,Macro,11367.1513671875
M37,2000-11-30,Macro,11417.65234375
M37,2000-12-31,Macro,11536.6064453125
M37,2001-01-31,Macro,11454.26171875
M37,2001-02-28,Macro,11459.6494140625
M37,2001-03-31,Macro,11295.1435546875
M37,2001-04-30,Macro,11410.04296875
M37,2001-05-31,Macro,11405.9970703125
M37,2001-06-30,Macro,11378.9716796875
M37,2001-07-31,Macro,11450.4296875
M37,2001-08-31,Macro,11436.15234375
M37,2001-09-30,Macro,11655.861328125
M37,2001-10-31,Macro,11519.923828125
M37,2001-11-30,Macro,11451.67578125
M38,2000-06-30,Macro,6473.40283203125
M38,2000-07-31,Macro,6408.2373046875
M38,2000-08-31,Macro,6315.2197265625
M38,2000-09-30,Macro,6434.88232421875
M38,2000-10-31,Macro,6418.12158203125
M38,2000-11-30,Macro,6447.6484375
M38,2000-12-31,Macro,6502.9716796875
M38,2001-01-31,Macro,6467.10400390625
M38,2001-02-28,Macro,6466.4638671875
M38,2001-03-31,Macro,6363.97119140625
M38,2001-04-30,Macro,6413.46923828125
M38,2001-05-31,Macro,6435.92724609375
M38,2001-06-30,Macro,6420.3154296875
M38,2001-07-31,Macro,6458.5341796875
M38,2001-08-31,Macro,6452.01123046875
M38,2001-09-30,Macro,6576.609375
M38,2001-10-31,Macro,6486.60302734375
M38,2001-11-30,Macro,6450.2958984375
M39,2000-06-30,Macro,2484.248779296875
M39,2000-07-31,Macro,2464.1552734375
M39,2000-08-31,Macro,2431.49853515625
M39,2000-09-30,Macro,2468.1259765625
M39,2000-10-31,Macro,2465.331298828125
M39,2000-11-30,Macro,2473.974609375
M39,2000-12-31,Macro,2499.849853515625
M39,2001-01-31,Macro,2478.146240234375
M39,2001-02-28,Macro,2482.66943359375
M39,2001-03-31,Macro,2455.412841796875
M39,2001-04-30,Macro,2470.479736328125
M39,2001-05-31,Macro,2476.67822265625
M39,2001-06-30,Macro,2468.349365234375
M39,2001-07-31,Macro,2487.854248046875
M39,2001-08-31,Macro,2481.077880859375
M39,2001-09-30,Macro,2520.943115234375
M39,2001-10-31,Macro,2493.912109375
M39,2001-11-30,Macro,2482.00927734375
M4,1976-11-30,Macro,6641.63232421875
M4,1976-12-31,Macro,6603.19189453125
M4,1977-01-31,Macro,6526.1875
M4,1977-02-28,Macro,6616.6806640625
M4,1977-03-31,Macro,6605.90185546875
M4,1977-04-30,Macro,6627.45947265625
M4,1977-05-31,Macro,6693.4765625
M4,1977-06-30,Macro,6629.5400390625
M4,1977-07-31,Macro,6662.26953125
M4,1977-08-31,Macro,6595.96435546875
M4,1977-09-30,Macro,6620.3291015625
M4,1977-10-31,Macro,6639.48388671875
M4,1977-11-30,Macro,6614.11572265625
M4,1977-12-31,Macro,6676.08984375
M4,1978-01-31,Macro,6654.87548828125
M4,1978-02-28,Macro,6735.5341796875
M4,1978-03-31,Macro,6668.78515625
M4,1978-04-30,Macro,6646.4775390625
M40,2000-06-30,Macro,5296.68017578125
M40,2000-07-31,Macro,5235.21337890625
M40,2000-08-31,Macro,5154.18701171875
M40,2000-09-30,Macro,5275.00439453125
M40,2000-10-31,Macro,5240.62890625
M40,2000-11-30,Macro,5278.18359375
M40,2000-12-31,Macro,5314.072265625
M40,2001-01-31,Macro,5288.72265625
M40,2001-02-28,Macro,5296.236328125
M40,2001-03-31,Macro,5190.9423828125
M40,2001-04-30,Macro,5224.515625
M40,2001-05-31,Macro,5256.5537109375
M40,2001-06-30,Macro,5245.78125
M40,2001-07-31,Macro,5271.751953125
M40,2001-08-31,Macro,5275.4833984375
M40,2001-09-30,Macro,5375.71728515625
M40,2001-10-31,Macro,5289.908203125
M40,2001-11-30,Macro,5267.60986328125
M41,1983-06-30,Macro,5383.4775390625
M41,1983-07-31,Macro,5324.2900390625
M41,1983-08-31,Macro,5252.74365234375
M41,1983-09-30,Macro,5377.62109375
M41,1983-10-31,Macro,5340.90869140625
M41,1983-11-30,Macro,5373.9990234375
M41,1983-12-31,Macro,5403.45654296875
M41,1984-01-31,Macro,5381.236328125
M41,1984-02-29,Macro,5379.93505859375
M41,1984-03-31,Macro,5288.736328125
M41,1984-04-30,Macro,5312.3046875
M41,1984-05-31,Macro,5353.0869140625
M41,1984-06-30,Macro,5343.86181640625
M41,1984-07-31,Macro,5371.22802734375
M41,1984-08-31,Macro,5361.55029296875
M41,1984-09-30,Macro,5467.5146484375
M41,1984-10-31,Macro,5383.7080078125
M41,1984-11-30,Macro,5362.79443359375
M42,1983-06-30,Macro,6725.2119140625
M42,1983-07-31,Macro,6672.51708984375
M42,1983-08-31,Macro,6588.4658203125
M42,1983-09-30,Macro,6701.640625
M42,1983-10-31,Macro,6678.39453125
M42,1983-11-30,Macro,6709.07275390625
M42,1983-12-31,Macro,6767.14501953125
M42,1984-01-31,Macro,6715.2802734375
M42,1984-02-29,Macro,6737.00341796875
M42,1984-03-31,Macro,6649.02880859375
M42,1984-04-30,Macro,6678.279296875
M42,1984-05-31,Macro,6708.31787109375
M42,1984-06-30,Macro,6687.15234375
M42,1984-07-31,Macro,6739.29248046875
M42,1984-08-31,Macro,6724.41650390625
M42,1984-09-30,Macro,6824.14794921875
M42,1984-10-31,Macro,6741.86962890625
M42,1984-11-30,Macro,6716.47607421875
M43,1983-06-30,Macro,6707.77001953125
M43,1983-07-31,Macro,6663.234375
M43,1983-08-31,Macro,6582.3095703125
M43,1983-09-30,Macro,6682.0185546875
M43,1983-10-31,Macro,6671.54931640625
M43,1983-11-30,Macro,6692.76171875
M43,1983-12-31,Macro,6754.07568359375
M43,1984-01-31,Macro,6697.3232421875
M43,1984-02-29,Macro,6720.41748046875
M43,1984-03-31,Macro,6650.8779296875
M43,1984-04-30,Macro,6681.67578125
M43,1984-05-31,Macro,6697.1435546875
M43,1984-06-30,Macro,6673.4111328125
M43,1984-07-31,Macro,6730.8134765625
M43,1984-08-31,Macro,6710.107421875
M43,1984-09-30,Macro,6800.6064453125
M43,1984-10-31,Macro,6732.74853515625
M43,1984-11-30,Macro,6708.94287109375
M44,1992-07-31,Macro,1387.1004638671875
M44,1992-08-31,Macro,1380.5615234375
M44,1992-09-30,Macro,1365.0703125
M44,1992-10-31,Macro,1377.90673828125
M44,1992-11-30,Macro,1379.964599609375
M44,1992-12-31,Macro,1381.9432373046875
M44,1993-01-31,Macro,1400.3558349609375
M44,1993-02-28,Macro,1382.7392578125
M44,1993-03-31,Macro,1389.823974609375
M44,1993-04-30,Macro,1381.5709228515625
M44,1993-05-31,Macro,1387.887451171875
M44,1993-06-30,Macro,1388.4898681640625
M44,1993-07-31,Macro,1382.6904296875
M44,1993-08-31,Macro,1397.3450927734375
M44,1993-09-30,Macro,1391.2081298828125
M44,1993-10-31,Macro,1407.21875
M44,1993-11-30,Macro,1396.703369140625
M44,1993-12-31,Macro,1391.203857421875
M45,2025-07-31,Macro,1305.927978515625
M45,2025-08-31,Macro,1292.127197265625
M45,2025-09-30,Macro,1274.0416259765625
M45,2025-10-31,Macro,1301.2584228515625
M45,2025-11-30,Macro,1294.220703125
M45,2025-12-31,Macro,1301.8270263671875
M45,2026-01-31,Macro,1311.9063720703125
M45,2026-02-28,Macro,1304.5323486328125
M45,2026-03-31,Macro,1305.0096435546875
M45,2026-04-30,Macro,1283.2391357421875
M45,2026-05-31,Macro,1290.32421875
M45,2026-06-30,Macro,1299.0172119140625
M45,2026-07-31,Macro,1296.00927734375
M45,2026-08-31,Macro,1303.852294921875
M45,2026-09-30,Macro,1301.77783203125
M45,2026-10-31,Macro,1327.1785888671875
M45,2026-11-30,Macro,1307.2781982421875
M45,2026-12-31,Macro,1301.0606689453125
M46,2025-07-31,Macro,3403.1376953125
M46,2025-08-31,Macro,3364.453369140625
M46,2025-09-30,Macro,3311.3310546875
M46,2025-10-31,Macro,3380.1337890625
M46,2025-11-30,Macro,3367.422119140625
M46,2025-12-31,Macro,3386.13330078125
M46,2026-01-31,Macro,3416.174560546875
M46,2026-02-28,Macro,3395.98095703125
M46,2026-03-31,Macro,3393.427734375
M46,2026-04-30,Macro,3336.93896484375
M46,2026-05-31,Macro,3362.30517578125
M46,2026-06-30,Macro,3379.05224609375
M46,2026-07-31,Macro,3371.94140625
M46,2026-08-31,Macro,3391.0205078125
M46,2026-09-30,Macro,3386.30224609375
M46,2026-10-31,Macro,3457.640869140625
M46,2026-11-30,Macro,3407.162353515625
M46,2026-12-31,Macro,3387.403076171875
M47,2025-07-31,Macro,5693.5283203125
M47,2025-08-31,Macro,5609.4677734375
M47,2025-09-30,Macro,5517.00390625
M47,2025-10-31,Macro,5678.98095703125
M47,2025-11-30,Macro,5625.9833984375
M47,2025-12-31,Macro,5672.0869140625
M47,2026-01-31,Macro,5704.38525390625
M47,2026-02-28,Macro,5690.7578125
M47,2026-03-31,Macro,5673.2451171875
M47,2026-04-30,Macro,5542.04931640625
M47,2026-05-31,Macro,5578.40380859375
M47,2026-06-30,Macro,5637.0751953125
M47,2026-07-31,Macro,5633.2900390625
M47,2026-08-31,Macro,5651.97705078125
M47,2026-09-30,Macro,5648.90869140625
M47,2026-10-31,Macro,5797.14453125
M47,2026-11-30,Macro,5681.57763671875
M47,2026-12-31,Macro,5650.41796875
M48,2026-07-31,Macro,1260.494384765625
M48,2026-08-31,Macro,1240.7156982421875
M48,2026-09-30,Macro,1220.56591796875
M48,2026-10-31,Macro,1255.820556640625
M48,2026-11-30,Macro,1244.048583984375
M48,2026-12-31,Macro,1254.001708984375
M48,2027-01-31,Macro,1263.131591796875
M48,2027-02-28,Macro,1257.9852294921875
M48,2027-03-31,Macro,1252.345947265625
M48,2027-04-30,Macro,1225.3056640625
M48,2027-05-31,Macro,1232.9593505859375
M48,2027-06-30,Macro,1247.9134521484375
M48,2027-07-31,Macro,1246.7728271484375
M48,2027-08-31,Macro,1250.4752197265625
M48,2027-09-30,Macro,1249.141357421875
M48,2027-10-31,Macro,1284.19580078125
M48,2027-11-30,Macro,1258.6280517578125
M48,2027-12-31,Macro,1250.8421630859375
M49,2026-07-31,Macro,1176.6497802734375
M49,2026-08-31,Macro,1164.553955078125
M49,2026-09-30,Macro,1148.5433349609375
M49,2026-10-31,Macro,1169.21533203125
M49,2026-11-30,Macro,1166.5447998046875
M49,2026-12-31,Macro,1170.979736328125
M49,2027-01-31,Macro,1182.982421875
M49,2027-02-28,Macro,1174.239990234375
M49,2027-03-31,Macro,1171.7733154296875
M49,2027-04-30,Macro,1157.614990234375
M49,2027-05-31,Macro,1165.2965087890625
M49,2027-06-30,Macro,1171.237548828125
M49,2027-07-31,Macro,1168.1607666015625
M49,2027-08-31,Macro,1175.891357421875
M49,2027-09-30,Macro,1171.6326904296875
M49,2027-10-31,Macro,1196.9239501953125
M49,2027-11-30,Macro,1181.4921875
M49,2027-12-31,Macro,1174.1492919921875
M5,1979-05-31,Macro,4397.283203125
M5,1979-06-30,Macro,4373.35791015625
M5,1979-07-31,Macro,4324.17578125
M5,1979-08-31,Macro,4382.1083984375
M5,1979-09-30,Macro,4375.64306640625
M5,1979-10-31,Macro,4388.8681640625
M5,1979-11-30,Macro,4433.03466796875
M5,1979-12-31,Macro,4389.6279296875
M5,1980-01-31,Macro,4412.3154296875
M5,1980-02-29,Macro,4370.75537109375
M5,1980-03-31,Macro,4385.68701171875
M5,1980-04-30,Macro,4398.0810546875
M5,1980-05-31,Macro,4380.8583984375
M5,1980-06-30,Macro,4422.81298828125
M5,1980-07-31,Macro,4408.04541015625
M5,1980-08-31,Macro,4459.37646484375
M5,1980-09-30,Macro,4416.5537109375
M5,1980-10-31,Macro,4402.345703125
M50,2026-07-31,Macro,1087.787841796875
M50,2026-08-31,Macro,1069.6429443359375
M50,2026-09-30,Macro,1049.759033203125
M50,2026-10-31,Macro,1077.3328857421875
M50,2026-11-30,Macro,1071.1441650390625
M50,2026-12-31,Macro,1078.3521728515625
M50,2027-01-31,Macro,1089.03564453125
M50,2027-02-28,Macro,1082.9493408203125
M50,2027-03-31,Macro,1075.88037109375
M50,2027-04-30,Macro,1055.9375
M50,2027-05-31,Macro,1065.74658203125
M50,2027-06-30,Macro,1074.6854248046875
M50,2027-07-31,Macro,1073.79931640625
M50,2027-08-31,Macro,1076.8768310546875
M50,2027-09-30,Macro,1074.959716796875
M50,2027-10-31,Macro,1106.983154296875
M50,2027-11-30,Macro,1087.5064697265625
M50,2027-12-31,Macro,1079.3006591796875
M51,2017-07-31,Macro,842.3942260742188
M51,2017-08-31,Macro,830.7990112304688
M51,2017-09-30,Macro,817.4522705078125
M51,2017-10-31,Macro,837.2945556640625
M51,2017-11-30,Macro,832.812744140625
M51,2017-12-31,Macro,838.0096435546875
M51,2018-01-31,Macro,844.00048828125
M51,2018-02-28,Macro,840.8701171875
M51,2018-03-31,Macro,838.2191162109375
M51,2018-04-30,Macro,822.4713745117188
M51,2018-05-31,Macro,829.06787109375
M51,2018-06-30,Macro,834.5990600585938
M51,2018-07-31,Macro,833.3410034179688
M51,2018-08-31,Macro,836.257080078125
M51,2018-09-30,Macro,835.8765869140625
M51,2018-10-31,Macro,855.8356323242188
M51,2018-11-30,Macro,841.9220581054688
M51,2018-12-31,Macro,836.8583374023438
M52,2010-06-30,Macro,3444.763671875
M52,2010-07-31,Macro,3429.339599609375
M52,2010-08-31,Macro,3393.4501953125
M52,2010-09-30,Macro,3431.507080078125
M52,2010-10-31,Macro,3430.70947265625
M52,2010-11-30,Macro,3438.0673828125
M52,2010-12-31,Macro,3475.819091796875
M52,2011-01-31,Macro,3438.458984375
M52,2011-02-28,Macro,3457.616455078125
M52,2011-03-31,Macro,3431.6220703125
M52,2011-04-30,Macro,3442.833984375
M52,2011-05-31,Macro,3449.43017578125
M52,2011-06-30,Macro,3435.097412109375
M52,2011-07-31,Macro,3470.221435546875
M52,2011-08-31,Macro,3456.7978515625
M52,2011-09-30,Macro,3493.89404296875
M52,2011-10-31,Macro,3464.294677734375
M52,2011-11-30,Macro,3452.94775390625
M53,2022-06-30,Macro,2079.26123046875
M53,2022-07-31,Macro,2066.744140625
M53,2022-08-31,Macro,2043.3812255859375
M53,2022-09-30,Macro,2072.56640625
M53,2022-10-31,Macro,2068.49853515625
M53,2022-11-30,Macro,2075.394775390625
M53,2022-12-31,Macro,2095.40673828125
M53,2023-01-31,Macro,2076.42138671875
M53,2023-02-28,Macro,2085.86328125
M53,2023-03-31,Macro,2064.048095703125
M53,2023-04-30,Macro,2071.7939453125
M53,2023-05-31,Macro,2078.482177734375
M53,2023-06-30,Macro,2070.7236328125
M53,2023-07-31,Macro,2089.50341796875
M53,2023-08-31,Macro,2083.35791015625
M53,2023-09-30,Macro,2109.328369140625
M53,2023-10-31,Macro,2087.640380859375
M53,2023-11-30,Macro,2080.534423828125
M54,2022-06-30,Macro,5099.60009765625
M54,2022-07-31,Macro,5073.4072265625
M54,2022-08-31,Macro,5018.986328125
M54,2022-09-30,Macro,5087.44140625
M54,2022-10-31,Macro,5074.04052734375
M54,2022-11-30,Macro,5091.90478515625
M54,2022-12-31,Macro,5145.0615234375
M54,2023-01-31,Macro,5090.1640625
M54,2023-02-28,Macro,5124.85693359375
M54,2023-03-31,Macro,5071.314453125
M54,2023-04-30,Macro,5082.896484375
M54,2023-05-31,Macro,5103.89501953125
M54,2023-06-30,Macro,5083.93505859375
M54,2023-07-31,Macro,5133.94482421875
M54,2023-08-31,Macro,5119.7861328125
M54,2023-09-30,Macro,5172.86181640625
M54,2023-10-31,Macro,5119.42431640625
M54,2023-11-30,Macro,5106.009765625
M55,2022-06-30,Macro,2924.7041015625
M55,2022-07-31,Macro,2908.207275390625
M55,2022-08-31,Macro,2874.818359375
M55,2022-09-30,Macro,2912.2197265625
M55,2022-10-31,Macro,2908.860107421875
M55,2022-11-30,Macro,2917.83642578125
M55,2022-12-31,Macro,2947.917724609375
M55,2023-01-31,Macro,2919.22216796875
M55,2023-02-28,Macro,2934.190673828125
M55,2023-03-31,Macro,2905.3759765625
M55,2023-04-30,Macro,2916.90673828125
M55,2023-05-31,Macro,2924.15185546875
M55,2023-06-30,Macro,2912.6513671875
M55,2023-07-31,Macro,2939.879638671875
M55,2023-08-31,Macro,2931.50390625
M55,2023-09-30,Macro,2966.020751953125
M55,2023-10-31,Macro,2937.300537109375
M55,2023-11-30,Macro,2926.990234375
M56,1981-02-28,Macro,6464.60693359375
M56,1981-03-31,Macro,6427.94921875
M56,1981-04-30,Macro,6350.7275390625
M56,1981-05-31,Macro,6440.34375
M56,1981-06-30,Macro,6430.6142578125
M56,1981-07-31,Macro,6452.2548828125
M56,1981-08-31,Macro,6512.7939453125
M56,1981-09-30,Macro,6454.01025390625
M56,1981-10-31,Macro,6490.96923828125
M56,1981-11-30,Macro,6421.236328125
M56,1981-12-31,Macro,6448.2216796875
M56,1982-01-31,Macro,6459.40576171875
M56,1982-02-28,Macro,6434.9296875
M56,1982-03-31,Macro,6494.26513671875
M56,1982-04-30,Macro,6478.439453125
M56,1982-05-31,Macro,6549.79638671875
M56,1982-06-30,Macro,6486.7197265625
M56,1982-07-31,Macro,6467.59716796875
M57,2017-04-30,Macro,6480.49609375
M57,2017-05-31,Macro,6460.03369140625
M57,2017-06-30,Macro,6409.74462890625
M57,2017-07-31,Macro,6487.31396484375
M57,2017-08-31,Macro,6474.0517578125
M57,2017-09-30,Macro,6484.23486328125
M57,2017-10-31,Macro,6551.765625
M57,2017-11-30,Macro,6476.76953125
M57,2017-12-31,Macro,6514.361328125
M57,2018-01-31,Macro,6477.01318359375
M57,2018-02-28,Macro,6476.4638671875
M57,2018-03-31,Macro,6507.74658203125
M57,2018-04-30,Macro,6482.6826171875
M57,2018-05-31,Macro,6554.56005859375
M57,2018-06-30,Macro,6516.21533203125
M57,2018-07-31,Macro,6584.79296875
M57,2018-08-31,Macro,6525.57421875
M57,2018-09-30,Macro,6511.34130859375
M58,1981-02-28,Macro,2922.479248046875
M58,1981-03-31,Macro,2924.912353515625
M58,1981-04-30,Macro,2900.0498046875
M58,1981-05-31,Macro,2912.224365234375
M58,1981-06-30,Macro,2923.408935546875
M58,1981-07-31,Macro,2919.95458984375
M58,1981-08-31,Macro,2959.959228515625
M58,1981-09-30,Macro,2913.02490234375
M58,1981-10-31,Macro,2946.20849609375
M58,1981-11-30,Macro,2946.27392578125
M58,1981-12-31,Macro,2949.1171875
M58,1982-01-31,Macro,2940.89697265625
M58,1982-02-28,Macro,2924.1318359375
M58,1982-03-31,Macro,2965.28564453125
M58,1982-04-30,Macro,2948.022216796875
M58,1982-05-31,Macro,2955.16943359375
M58,1982-06-30,Macro,2947.4833984375
M58,1982-07-31,Macro,2944.7490234375
M59,1981-02-28,Macro,7107.0517578125
M59,1981-03-31,Macro,7028.47509765625
M59,1981-04-30,Macro,6926.4736328125
M59,1981-05-31,Macro,7072.72314453125
M59,1981-06-30,Macro,7038.1845703125
M59,1981-07-31,Macro,7079.00634765625
M59,1981-08-31,Macro,7136.74169921875
M59,1981-09-30,Macro,7096.8603515625
M59,1981-10-31,Macro,7094.06640625
M59,1981-11-30,Macro,6975.95849609375
M59,1981-12-31,Macro,7018.85888671875
M59,1982-01-31,Macro,7065.3544921875
M59,1982-02-28,Macro,7049.7607421875
M59,1982-03-31,Macro,7090.38037109375
M59,1982-04-30,Macro,7078.61474609375
M59,1982-05-31,Macro,7224.19287109375
M59,1982-06-30,Macro,7115.24951171875
M59,1982-07-31,Macro,7076.7421875
M6,2025-07-31,Macro,11525.9345703125
M6,2025-08-31,Macro,11472.087890625
M6,2025-09-30,Macro,11349.25390625
M6,2025-10-31,Macro,11486.236328125
M6,2025-11-30,Macro,11477.6220703125
M6,2025-12-31,Macro,11505.7119140625
M6,2026-01-31,Macro,11627.416015625
M6,2026-02-28,Macro,11505.583984375
M6,2026-03-31,Macro,11570.8076171875
M6,2026-04-30,Macro,11476.1826171875
M6,2026-05-31,Macro,11512.67578125
M6,2026-06-30,Macro,11538.375
M6,2026-07-31,Macro,11490.294921875
M6,2026-08-31,Macro,11606.5224609375
M6,2026-09-30,Macro,11563.837890625
M6,2026-10-31,Macro,11687.7626953125
M6,2026-11-30,Macro,11584.9306640625
M6,2026-12-31,Macro,11549.087890625
M60,2017-04-30,Macro,7166.46240234375
M60,2017-05-31,Macro,7131.40869140625
M60,2017-06-30,Macro,7075.787109375
M60,2017-07-31,Macro,7177.134765625
M60,2017-08-31,Macro,7151.533203125
M60,2017-09-30,Macro,7169.47216796875
M60,2017-10-31,Macro,7237.74853515625
M60,2017-11-30,Macro,7166.0732421875
M60,2017-12-31,Macro,7195.6474609375
M60,2018-01-31,Macro,7134.08203125
M60,2018-02-28,Macro,7137.68408203125
M60,2018-03-31,Macro,7185.50927734375
M60,2018-04-30,Macro,7160.798828125
M60,2018-05-31,Macro,7227.73828125
M60,2018-06-30,Macro,7195.91943359375
M60,2018-07-31,Macro,7288.83544921875
M60,2018-08-31,Macro,7208.1328125
M60,2018-09-30,Macro,7188.23486328125
M61,1984-02-29,Macro,3110.467041015625
M61,1984-03-31,Macro,3107.21044921875
M61,1984-04-30,Macro,3066.034423828125
M61,1984-05-31,Macro,3081.52587890625
M61,1984-06-30,Macro,3097.57421875
M61,1984-07-31,Macro,3096.558349609375
M61,1984-08-31,Macro,3144.974365234375
M61,1984-09-30,Macro,3094.341552734375
M61,1984-10-31,Macro,3130.091552734375
M61,1984-11-30,Macro,3118.0068359375
M61,1984-12-31,Macro,3129.341064453125
M61,1985-01-31,Macro,3118.755859375
M61,1985-02-28,Macro,3103.126220703125
M61,1985-03-31,Macro,3144.7109375
M61,1985-04-30,Macro,3128.77099609375
M61,1985-05-31,Macro,3145.760986328125
M61,1985-06-30,Macro,3132.293212890625
M61,1985-07-31,Macro,3122.840576171875
M62,1984-02-29,Macro,4180.98828125
M62,1984-03-31,Macro,4161.7177734375
M62,1984-04-30,Macro,4117.47265625
M62,1984-05-31,Macro,4165.6162109375
M62,1984-06-30,Macro,4164.01513671875
M62,1984-07-31,Macro,4173.02978515625
M62,1984-08-31,Macro,4218.3544921875
M62,1984-09-30,Macro,4173.76611328125
M62,1984-10-31,Macro,4196.46240234375
M62,1984-11-30,Macro,4163.47607421875
M62,1984-12-31,Macro,4177.00927734375
M62,1985-01-31,Macro,4186.34423828125
M62,1985-02-28,Macro,4169.1572265625
M62,1985-03-31,Macro,4211.70068359375
M62,1985-04-30,Macro,4195.138671875
M62,1985-05-31,Macro,4241.1123046875
M62,1985-06-30,Macro,4203.61767578125
M62,1985-07-31,Macro,4189.7685546875
M63,1984-02-29,Macro,4074.20361328125
M63,1984-03-31,Macro,4040.3154296875
M63,1984-04-30,Macro,3979.2109375
M63,1984-05-31,Macro,4039.57275390625
M63,1984-06-30,Macro,4039.329345703125
M63,1984-07-31,Macro,4052.969482421875
M63,1984-08-31,Macro,4097.6767578125
M63,1984-09-30,Macro,4062.0693359375
M63,1984-10-31,Macro,4070.142333984375
M63,1984-11-30,Macro,4022.645263671875
M63,1984-12-31,Macro,4051.82666015625
M63,1985-01-31,Macro,4057.781005859375
M63,1985-02-28,Macro,4045.7158203125
M63,1985-03-31,Macro,4078.496337890625
M63,1985-04-30,Macro,4065.74609375
M63,1985-05-31,Macro,4133.63818359375
M63,1985-06-30,Macro,4089.00146484375
M63,1985-07-31,Macro,4066.849365234375
M64,1981-02-28,Macro,7816.2958984375
M64,1981-03-31,Macro,7762.0732421875
M64,1981-04-30,Macro,7670.02294921875
M64,1981-05-31,Macro,7782.7109375
M64,1981-06-30,Macro,7769.95751953125
M64,1981-07-31,Macro,7795.0146484375
M64,1981-08-31,Macro,7873.4287109375
M64,1981-09-30,Macro,7804.2421875
M64,1981-10-31,Macro,7824.1708984375
M64,1981-11-30,Macro,7743.4169921875
M64,1981-12-31,Macro,7778.57177734375
M64,1982-01-31,Macro,7806.92236328125
M64,1982-02-28,Macro,7780.2333984375
M64,1982-03-31,Macro,7847.111328125
M64,1982-04-30,Macro,7819.61181640625
M64,1982-05-31,Macro,7937.75439453125
M64,1982-06-30,Macro,7851.74267578125
M64,1982-07-31,Macro,7817.451171875
M65,1981-02-28,Macro,3407.1015625
M65,1981-03-31,Macro,3394.384765625
M65,1981-04-30,Macro,3353.68115234375
M65,1981-05-31,Macro,3396.896240234375
M65,1981-06-30,Macro,3389.51513671875
M65,1981-07-31,Macro,3401.985595703125
M65,1981-08-31,Macro,3436.91943359375
M65,1981-09-30,Macro,3395.682373046875
M65,1981-10-31,Macro,3434.532958984375
M65,1981-11-30,Macro,3398.274169921875
M65,1981-12-31,Macro,3404.796875
M65,1982-01-31,Macro,3409.345947265625
M65,1982-02-28,Macro,3393.87451171875
M65,1982-03-31,Macro,3430.2314453125
M65,1982-04-30,Macro,3425.04638671875
M65,1982-05-31,Macro,3442.743408203125
M65,1982-06-30,Macro,3414.70947265625
M65,1982-07-31,Macro,3411.467041015625
M66,1981-02-28,Macro,5349.82373046875
M66,1981-03-31,Macro,5302.46337890625
M66,1981-04-30,Macro,5227.6826171875
M66,1981-05-31,Macro,5312.76953125
M66,1981-06-30,Macro,5302.916015625
M66,1981-07-31,Macro,5325.50732421875
M66,1981-08-31,Macro,5378.49169921875
M66,1981-09-30,Macro,5334.30517578125
M66,1981-10-31,Macro,5343.212890625
M66,1981-11-30,Macro,5278.94580078125
M66,1981-12-31,Macro,5310.97900390625
M66,1982-01-31,Macro,5328.67626953125
M66,1982-02-28,Macro,5312.5810546875
M66,1982-03-31,Macro,5351.8173828125
M66,1982-04-30,Macro,5338.10546875
M66,1982-05-31,Macro,5427.54248046875
M66,1982-06-30,Macro,5365.27294921875
M66,1982-07-31,Macro,5339.1396484375
M67,1981-02-28,Macro,4452.1845703125
M67,1981-03-31,Macro,4429.28125
M67,1981-04-30,Macro,4371.5703125
M67,1981-05-31,Macro,4426.2880859375
M67,1981-06-30,Macro,4426.3857421875
M67,1981-07-31,Macro,4438.767578125
M67,1981-08-31,Macro,4487.08935546875
M67,1981-09-30,Macro,4440.71484375
M67,1981-10-31,Macro,4469.3857421875
M67,1981-11-30,Macro,4425.79248046875
M67,1981-12-31,Macro,4446.87841796875
M67,1982-01-31,Macro,4448.9033203125
M67,1982-02-28,Macro,4430.86181640625
M67,1982-03-31,Macro,4475.470703125
M67,1982-04-30,Macro,4462.0615234375
M67,1982-05-31,Macro,4509.77783203125
M67,1982-06-30,Macro,4470.484375
M67,1982-07-31,Macro,4455.4013671875
M68,1981-02-28,Macro,4295.25439453125
M68,1981-03-31,Macro,4259.21435546875
M68,1981-04-30,Macro,4206.771484375
M68,1981-05-31,Macro,4282.384765625
M68,1981-06-30,Macro,4262.578125
M68,1981-07-31,Macro,4283.45263671875
M68,1981-08-31,Macro,4321.162109375
M68,1981-09-30,Macro,4283.62890625
M68,1981-10-31,Macro,4301.11669921875
M68,1981-11-30,Macro,4244.56689453125
M68,1981-12-31,Macro,4258.77294921875
M68,1982-01-31,Macro,4283.22119140625
M68,1982-02-28,Macro,4270.2060546875
M68,1982-03-31,Macro,4300.90234375
M68,1982-04-30,Macro,4293.8798828125
M68,1982-05-31,Macro,4354.1005859375
M68,1982-06-30,Macro,4301.822265625
M68,1982-07-31,Macro,4288.20361328125
M69,1981-02-28,Macro,5707.6748046875
M69,1981-03-31,Macro,5659.02880859375
M69,1981-04-30,Macro,5581.216796875
M69,1981-05-31,Macro,5689.44921875
M69,1981-06-30,Macro,5662.41357421875
M69,1981-07-31,Macro,5693.630859375
M69,1981-08-31,Macro,5737.17822265625
M69,1981-09-30,Macro,5695.33837890625
M69,1981-10-31,Macro,5721.4892578125
M69,1981-11-30,Macro,5635.318359375
M69,1981-12-31,Macro,5659.09033203125
M69,1982-01-31,Macro,5685.0341796875
M69,1982-02-28,Macro,5670.1943359375
M69,1982-03-31,Macro,5710.98291015625
M69,1982-04-30,Macro,5703.40673828125
M69,1982-05-31,Macro,5782.49658203125
M69,1982-06-30,Macro,5710.2548828125
M69,1982-07-31,Macro,5693.68701171875
M7,1979-05-31,Macro,1140.9893798828125
M7,1979-06-30,Macro,1136.2513427734375
M7,1979-07-31,Macro,1124.5711669921875
M7,1979-08-31,Macro,1137.7613525390625
M7,1979-09-30,Macro,1137.0430908203125
M7,1979-10-31,Macro,1139.5167236328125
M7,1979-11-30,Macro,1151.3382568359375
M7,1979-12-31,Macro,1139.1505126953125
M7,1980-01-31,Macro,1146.09033203125
M7,1980-02-29,Macro,1137.4716796875
M7,1980-03-31,Macro,1140.591552734375
M7,1980-04-30,Macro,1142.8739013671875
M7,1980-05-31,Macro,1138.02001953125
M7,1980-06-30,Macro,1149.84326171875
M7,1980-07-31,Macro,1145.32568359375
M7,1980-08-31,Macro,1156.66748046875
M7,1980-09-30,Macro,1147.0380859375
M7,1980-10-31,Macro,1143.876708984375
M70,2017-04-30,Macro,4148.33349609375
M70,2017-05-31,Macro,4124.26171875
M70,2017-06-30,Macro,4078.292724609375
M70,2017-07-31,Macro,4139.197265625
M70,2017-08-31,Macro,4130.20068359375
M70,2017-09-30,Macro,4143.51806640625
M70,2017-10-31,Macro,4179.9326171875
M70,2017-11-30,Macro,4145.2490234375
M70,2017-12-31,Macro,4163.4521484375
M70,2018-01-31,Macro,4118.64306640625
M70,2018-02-28,Macro,4132.921875
M70,2018-03-31,Macro,4147.189453125
M70,2018-04-30,Macro,4132.8134765625
M70,2018-05-31,Macro,4169.6923828125
M70,2018-06-30,Macro,4156.615234375
M70,2018-07-31,Macro,4208.91015625
M70,2018-08-31,Macro,4164.388671875
M70,2018-09-30,Macro,4150.65478515625
M71,2017-04-30,Macro,4764.13232421875
M71,2017-05-31,Macro,4746.7421875
M71,2017-06-30,Macro,4702.1875
M71,2017-07-31,Macro,4766.04052734375
M71,2017-08-31,Macro,4756.3876953125
M71,2017-09-30,Macro,4767.88232421875
M71,2017-10-31,Macro,4806.62939453125
M71,2017-11-30,Macro,4764.7421875
M71,2017-12-31,Macro,4799.3115234375
M71,2018-01-31,Macro,4752.4931640625
M71,2018-02-28,Macro,4761.81884765625
M71,2018-03-31,Macro,4772.18310546875
M71,2018-04-30,Macro,4753.65673828125
M71,2018-05-31,Macro,4800.51953125
M71,2018-06-30,Macro,4787.54931640625
M71,2018-07-31,Macro,4827.17578125
M71,2018-08-31,Macro,4782.86767578125
M71,2018-09-30,Macro,4775.27587890625
M72,1981-02-28,Macro,2407.48046875
M72,1981-03-31,Macro,2396.829833984375
M72,1981-04-30,Macro,2373.208251953125
M72,1981-05-31,Macro,2399.115478515625
M72,1981-06-30,Macro,2401.57421875
M72,1981-07-31,Macro,2401.474365234375
M72,1981-08-31,Macro,2432.493408203125
M72,1981-09-30,Macro,2401.934814453125
M72,1981-10-31,Macro,2407.593505859375
M72,1981-11-30,Macro,2401.10986328125
M72,1981-12-31,Macro,2406.949951171875
M72,1982-01-31,Macro,2413.649169921875
M72,1982-02-28,Macro,2405.013427734375
M72,1982-03-31,Macro,2431.971435546875
M72,1982-04-30,Macro,2412.04052734375
M72,1982-05-31,Macro,2447.909912109375
M72,1982-06-30,Macro,2429.497314453125
M72,1982-07-31,Macro,2419.114501953125
M73,1981-02-28,Macro,4650.97216796875
M73,1981-03-31,Macro,4618.6123046875
M73,1981-04-30,Macro,4558.00244140625
M73,1981-05-31,Macro,4649.30078125
M73,1981-06-30,Macro,4617.8330078125
M73,1981-07-31,Macro,4647.2529296875
M73,1981-08-31,Macro,4679.0009765625
M73,1981-09-30,Macro,4638.52783203125
M73,1981-10-31,Macro,4683.67529296875
M73,1981-11-30,Macro,4607.62109375
M73,1981-12-31,Macro,4615.93310546875
M73,1982-01-31,Macro,4638.1513671875
M73,1982-02-28,Macro,4624.36572265625
M73,1982-03-31,Macro,4661.22119140625
M73,1982-04-30,Macro,4661.59716796875
M73,1982-05-31,Macro,4700.783203125
M73,1982-06-30,Macro,4644.66943359375
M73,1982-07-31,Macro,4642.34814453125
M74,1981-02-28,Macro,7489.97509765625
M74,1981-03-31,Macro,7420.3779296875
M74,1981-04-30,Macro,7307.7314453125
M74,1981-05-31,Macro,7438.33447265625
M74,1981-06-30,Macro,7415.45703125
M74,1981-07-31,Macro,7455.08203125
M74,1981-08-31,Macro,7525.8291015625
M74,1981-09-30,Macro,7463.51904296875
M74,1981-10-31,Macro,7490.880859375
M74,1981-11-30,Macro,7382.4892578125
M74,1981-12-31,Macro,7427.25439453125
M74,1982-01-31,Macro,7451.9296875
M74,1982-02-28,Macro,7428.44091796875
M74,1982-03-31,Macro,7481.2587890625
M74,1982-04-30,Macro,7473.8828125
M74,1982-05-31,Macro,7587.3173828125
M74,1982-06-30,Macro,7496.4853515625
M74,1982-07-31,Macro,7465.97021484375
M75,1981-02-28,Macro,6565.7626953125
M75,1981-03-31,Macro,6526.80908203125
M75,1981-04-30,Macro,6444.814453125
M75,1981-05-31,Macro,6544.34228515625
M75,1981-06-30,Macro,6524.255859375
M75,1981-07-31,Macro,6553.40234375
M75,1981-08-31,Macro,6612.611328125
M75,1981-09-30,Macro,6549.205078125
M75,1981-10-31,Macro,6599.25732421875
M75,1981-11-30,Macro,6519.146484375
M75,1981-12-31,Macro,6540.91259765625
M75,1982-01-31,Macro,6557.0810546875
M75,1982-02-28,Macro,6532.41259765625
M75,1982-03-31,Macro,6591.92822265625
M75,1982-04-30,Macro,6581.88818359375
M75,1982-05-31,Macro,6644.11181640625
M75,1982-06-30,Macro,6577.66552734375
M75,1982-07-31,Macro,6564.689453125
M76,2017-04-30,Macro,6561.5390625
M76,2017-05-31,Macro,6524.27685546875
M76,2017-06-30,Macro,6461.19677734375
M76,2017-07-31,Macro,6568.21923828125
M76,2017-08-31,Macro,6539.51513671875
M76,2017-09-30,Macro,6563.7392578125
M76,2017-10-31,Macro,6617.07568359375
M76,2017-11-30,Macro,6562.21337890625
M76,2017-12-31,Macro,6593.45166015625
M76,2018-01-31,Macro,6517.47119140625
M76,2018-02-28,Macro,6527.384765625
M76,2018-03-31,Macro,6566.8505859375
M76,2018-04-30,Macro,6544.58935546875
M76,2018-05-31,Macro,6603.193359375
M76,2018-06-30,Macro,6581.880859375
M76,2018-07-31,Macro,6664.2216796875
M76,2018-08-31,Macro,6585.31298828125
M76,2018-09-30,Macro,6568.91552734375
M77,2017-04-30,Macro,5688.826171875
M77,2017-05-31,Macro,5676.83447265625
M77,2017-06-30,Macro,5622.82177734375
M77,2017-07-31,Macro,5676.0185546875
M77,2017-08-31,Macro,5672.705078125
M77,2017-09-30,Macro,5682.2294921875
M77,2017-10-31,Macro,5753.0458984375
M77,2017-11-30,Macro,5670.02685546875
M77,2017-12-31,Macro,5728.89599609375
M77,2018-01-31,Macro,5697.3671875
M77,2018-02-28,Macro,5698.0234375
M77,2018-03-31,Macro,5712.0244140625
M77,2018-04-30,Macro,5684.63818359375
M77,2018-05-31,Macro,5754.0400390625
M77,2018-06-30,Macro,5728.94921875
M77,2018-07-31,Macro,5761.07177734375
M77,2018-08-31,Macro,5720.70361328125
M77,2018-09-30,Macro,5713.45947265625
M78,1981-02-28,Macro,4112.87841796875
M78,1981-03-31,Macro,4100.62109375
M78,1981-04-30,Macro,4052.6259765625
M78,1981-05-31,Macro,4092.530517578125
M78,1981-06-30,Macro,4096.625
M78,1981-07-31,Macro,4104.11572265625
M78,1981-08-31,Macro,4151.05126953125
M78,1981-09-30,Macro,4101.21533203125
M78,1981-10-31,Macro,4138.64599609375
M78,1981-11-30,Macro,4108.6181640625
M78,1981-12-31,Macro,4122.0830078125
M78,1982-01-31,Macro,4119.43017578125
M78,1982-02-28,Macro,4100.67431640625
M78,1982-03-31,Macro,4147.34765625
M78,1982-04-30,Macro,4132.80126953125
M78,1982-05-31,Macro,4161.46484375
M78,1982-06-30,Macro,4133.3515625
M78,1982-07-31,Macro,4123.77490234375
M79,1981-02-28,Macro,4556.587890625
M79,1981-03-31,Macro,4509.05224609375
M79,1981-04-30,Macro,4444.5634765625
M79,1981-05-31,Macro,4530.75341796875
M79,1981-06-30,Macro,4511.20361328125
M79,1981-07-31,Macro,4534.39794921875
M79,1981-08-31,Macro,4579.02978515625
M79,1981-09-30,Macro,4539.505859375
M79,1981-10-31,Macro,4545.86474609375
M79,1981-11-30,Macro,4483.89111328125
M79,1981-12-31,Macro,4506.6220703125
M79,1982-01-31,Macro,4533.1123046875
M79,1982-02-28,Macro,4522.078125
M79,1982-03-31,Macro,4551.16845703125
M79,1982-04-30,Macro,4541.03564453125
M79,1982-05-31,Macro,4623.0771484375
M79,1982-06-30,Macro,4563.7275390625
M79,1982-07-31,Macro,4543.498046875
M8,1979-05-31,Macro,1412.182861328125
M8,1979-06-30,Macro,1406.5902099609375
M8,1979-07-31,Macro,1392.2291259765625
M8,1979-08-31,Macro,1408.3018798828125
M8,1979-09-30,Macro,1407.3687744140625
M8,1979-10-31,Macro,1410.450439453125
M8,1979-11-30,Macro,1425.19873046875
M8,1979-12-31,Macro,1409.7803955078125
M8,1980-01-31,Macro,1419.0343017578125
M8,1980-02-29,Macro,1408.3973388671875
M8,1980-03-31,Macro,1412.000244140625
M8,1980-04-30,Macro,1414.7750244140625
M8,1980-05-31,Macro,1408.666259765625
M8,1980-06-30,Macro,1423.48876953125
M8,1980-07-31,Macro,1418.039306640625
M8,1980-08-31,Macro,1431.328369140625
M8,1980-09-30,Macro,1419.5699462890625
M8,1980-10-31,Macro,1415.89599609375
M80,2017-04-30,Macro,5430.82275390625
M80,2017-05-31,Macro,5365.55419921875
M80,2017-06-30,Macro,5290.0576171875
M80,2017-07-31,Macro,5424.7119140625
M80,2017-08-31,Macro,5379.68310546875
M80,2017-09-30,Macro,5418.4208984375
M80,2017-10-31,Macro,5450.1181640625
M80,2017-11-30,Macro,5428.298828125
M80,2017-12-31,Macro,5426.55908203125
M80,2018-01-31,Macro,5319.71923828125
M80,2018-02-28,Macro,5343.71337890625
M80,2018-03-31,Macro,5395.822265625
M80,2018-04-30,Macro,5386.61328125
M80,2018-05-31,Macro,5412.1748046875
M80,2018-06-30,Macro,5407.0390625
M80,2018-07-31,Macro,5522.4482421875
M80,2018-08-31,Macro,5425.984375
M80,2018-09-30,Macro,5402.23095703125
M81,1981-02-28,Macro,2469.554443359375
M81,1981-03-31,Macro,2470.017333984375
M81,1981-04-30,Macro,2456.85009765625
M81,1981-05-31,Macro,2470.64208984375
M81,1981-06-30,Macro,2475.74462890625
M81,1981-07-31,Macro,2469.950927734375
M81,1981-08-31,Macro,2505.355712890625
M81,1981-09-30,Macro,2464.017578125
M81,1981-10-31,Macro,2482.13671875
M81,1981-11-30,Macro,2489.298583984375
M81,1981-12-31,Macro,2484.239013671875
M81,1982-01-31,Macro,2490.469482421875
M81,1982-02-28,Macro,2479.17578125
M81,1982-03-31,Macro,2513.062255859375
M81,1982-04-30,Macro,2489.85107421875
M81,1982-05-31,Macro,2509.6123046875
M81,1982-06-30,Macro,2498.634521484375
M81,1982-07-31,Macro,2493.8701171875
M82,1981-02-28,Macro,4826.60693359375
M82,1981-03-31,Macro,4792.40966796875
M82,1981-04-30,Macro,4725.69873046875
M82,1981-05-31,Macro,4798.20263671875
M82,1981-06-30,Macro,4788.25146484375
M82,1981-07-31,Macro,4809.17724609375
M82,1981-08-31,Macro,4857.169921875
M82,1981-09-30,Macro,4809.89013671875
M82,1981-10-31,Macro,4841.46337890625
M82,1981-11-30,Macro,4780.30029296875
M82,1981-12-31,Macro,4804.4716796875
M82,1982-01-31,Macro,4812.29443359375
M82,1982-02-28,Macro,4795.18408203125
M82,1982-03-31,Macro,4835.50146484375
M82,1982-04-30,Macro,4830.29296875
M82,1982-05-31,Macro,4883.7158203125
M82,1982-06-30,Macro,4834.62353515625
M82,1982-07-31,Macro,4820.671875
M83,1980-12-31,Macro,3564.2802734375
M83,1981-01-31,Macro,3542.155517578125
M83,1981-02-28,Macro,3498.57080078125
M83,1981-03-31,Macro,3548.63671875
M83,1981-04-30,Macro,3542.4384765625
M83,1981-05-31,Macro,3554.83056640625
M83,1981-06-30,Macro,3591.059814453125
M83,1981-07-31,Macro,3556.44384765625
M83,1981-08-31,Macro,3576.10107421875
M83,1981-09-30,Macro,3536.72265625
M83,1981-10-31,Macro,3551.756103515625
M83,1981-11-30,Macro,3560.14111328125
M83,1981-12-31,Macro,3546.710693359375
M83,1982-01-31,Macro,3579.4091796875
M83,1982-02-28,Macro,3570.711669921875
M83,1982-03-31,Macro,3612.54443359375
M83,1982-04-30,Macro,3576.312255859375
M83,1982-05-31,Macro,3565.047607421875
M84,1980-12-31,Macro,4517.609375
M84,1981-01-31,Macro,4501.98974609375
M84,1981-02-28,Macro,4454.57470703125
M84,1981-03-31,Macro,4506.662109375
M84,1981-04-30,Macro,4501.42333984375
M84,1981-05-31,Macro,4513.52978515625
M84,1981-06-30,Macro,4559.7265625
M84,1981-07-31,Macro,4508.8037109375
M84,1981-08-31,Macro,4546.42041015625
M84,1981-09-30,Macro,4508.72265625
M84,1981-10-31,Macro,4517.15087890625
M84,1981-11-30,Macro,4526.81298828125
M84,1981-12-31,Macro,4507.5126953125
M84,1982-01-31,Macro,4556.19189453125
M84,1982-02-28,Macro,4540.634765625
M84,1982-03-31,Macro,4575.91650390625
M84,1982-04-30,Macro,4537.646484375
M84,1982-05-31,Macro,4528.51318359375
M85,1980-12-31,Macro,5370.1005859375
M85,1981-01-31,Macro,5344.03662109375
M85,1981-02-28,Macro,5281.466796875
M85,1981-03-31,Macro,5341.2236328125
M85,1981-04-30,Macro,5343.21337890625
M85,1981-05-31,Macro,5355.7626953125
M85,1981-06-30,Macro,5414.10888671875
M85,1981-07-31,Macro,5358.40771484375
M85,1981-08-31,Macro,5387.70556640625
M85,1981-09-30,Macro,5343.8134765625
M85,1981-10-31,Macro,5366.4150390625
M85,1981-11-30,Macro,5372.3720703125
M85,1981-12-31,Macro,5350.60302734375
M85,1982-01-31,Macro,5404.09619140625
M85,1982-02-28,Macro,5384.29833984375
M85,1982-03-31,Macro,5443.97998046875
M85,1982-04-30,Macro,5397.80712890625
M85,1982-05-31,Macro,5377.86474609375
M86,1985-04-30,Macro,8639.08984375
M86,1985-05-31,Macro,8600.736328125
M86,1985-06-30,Macro,8525.8115234375
M86,1985-07-31,Macro,8631.904296875
M86,1985-08-31,Macro,8618.435546875
M86,1985-09-30,Macro,8633.5751953125
M86,1985-10-31,Macro,8725.2109375
M86,1985-11-30,Macro,8630.216796875
M86,1985-12-31,Macro,8665.205078125
M86,1986-01-31,Macro,8612.08203125
M86,1986-02-28,Macro,8623.994140625
M86,1986-03-31,Macro,8662.74609375
M86,1986-04-30,Macro,8629.55078125
M86,1986-05-31,Macro,8718.224609375
M86,1986-06-30,Macro,8669.880859375
M86,1986-07-31,Macro,8778.08203125
M86,1986-08-31,Macro,8697.9150390625
M86,1986-09-30,Macro,8670.984375
M87,1985-04-30,Macro,8327.109375
M87,1985-05-31,Macro,8279.3642578125
M87,1985-06-30,Macro,8189.56640625
M87,1985-07-31,Macro,8309.1416015625
M87,1985-08-31,Macro,8287.7861328125
M87,1985-09-30,Macro,8315.82421875
M87,1985-10-31,Macro,8394.11328125
M87,1985-11-30,Macro,8315.3994140625
M87,1985-12-31,Macro,8356.4892578125
M87,1986-01-31,Macro,8273.087890625
M87,1986-02-28,Macro,8295.69921875
M87,1986-03-31,Macro,8328.9208984375
M87,1986-04-30,Macro,8298.0439453125
M87,1986-05-31,Macro,8375.1875
M87,1986-06-30,Macro,8346.8603515625
M87,1986-07-31,Macro,8447.16796875
M87,1986-08-31,Macro,8360.4921875
M87,1986-09-30,Macro,8335.84375
M88,1985-04-30,Macro,8505.3330078125
M88,1985-05-31,Macro,8454.7119140625
M88,1985-06-30,Macro,8362.2939453125
M88,1985-07-31,Macro,8490.6865234375
M88,1985-08-31,Macro,8464.171875
M88,1985-09-30,Macro,8495.626953125
M88,1985-10-31,Macro,8571.8818359375
M88,1985-11-30,Macro,8494.9638671875
M88,1985-12-31,Macro,8537.4873046875
M88,1986-01-31,Macro,8445.4267578125
M88,1986-02-28,Macro,8467.8115234375
M88,1986-03-31,Macro,8504.865234375
M88,1986-04-30,Macro,8474.353515625
M88,1986-05-31,Macro,8551.1767578125
M88,1986-06-30,Macro,8524.7705078125
M88,1986-07-31,Macro,8627.8984375
M88,1986-08-31,Macro,8535.3798828125
M88,1986-09-30,Macro,8511.2763671875
M89,1985-06-30,Macro,1209.5374755859375
M89,1985-07-31,Macro,1201.9647216796875
M89,1985-08-31,Macro,1187.321533203125
M89,1985-09-30,Macro,1203.63232421875
M89,1985-10-31,Macro,1203.0927734375
M89,1985-11-30,Macro,1206.35400390625
M89,1985-12-31,Macro,1218.348388671875
M89,1986-01-31,Macro,1207.8082275390625
M89,1986-02-28,Macro,1211.6981201171875
M89,1986-03-31,Macro,1199.8572998046875
M89,1986-04-30,Macro,1206.19384765625
M89,1986-05-31,Macro,1208.0770263671875
M89,1986-06-30,Macro,1203.80615234375
M89,1986-07-31,Macro,1214.546875
M89,1986-08-31,Macro,1210.4356689453125
M89,1986-09-30,Macro,1227.170166015625
M89,1986-10-31,Macro,1215.2216796875
M89,1986-11-30,Macro,1210.168701171875
M9,2038-07-31,Macro,5217.21875
M9,2038-08-31,Macro,5186.46630859375
M9,2038-09-30,Macro,5129.01123046875
M9,2038-10-31,Macro,5205.8876953125
M9,2038-11-30,Macro,5191.9765625
M9,2038-12-31,Macro,5210.4990234375
M9,2039-01-31,Macro,5257.60205078125
M9,2039-02-28,Macro,5210.90185546875
M9,2039-03-31,Macro,5236.1630859375
M9,2039-04-30,Macro,5180.677734375
M9,2039-05-31,Macro,5196.21630859375
M9,2039-06-30,Macro,5216.46484375
M9,2039-07-31,Macro,5197.50048828125
M9,2039-08-31,Macro,5244.67529296875
M9,2039-09-30,Macro,5228.4365234375
M9,2039-10-31,Macro,5292.02685546875
M9,2039-11-30,Macro,5236.4619140625
M9,2039-12-31,Macro,5220.76318359375
M90,1985-06-30,Macro,12050.6572265625
M90,1985-07-31,Macro,11923.974609375
M90,1985-08-31,Macro,11747.4052734375
M90,1985-09-30,Macro,11971.0234375
M90,1985-10-31,Macro,11942.244140625
M90,1985-11-30,Macro,11995.46875
M90,1985-12-31,Macro,12102.4375
M90,1986-01-31,Macro,12030.865234375
M90,1986-02-28,Macro,12015.7421875
M90,1986-03-31,Macro,11843.8525390625
M90,1986-04-30,Macro,11935.177734375
M90,1986-05-31,Macro,11979.09765625
M90,1986-06-30,Macro,11951.1064453125
M90,1986-07-31,Macro,12023.5732421875
M90,1986-08-31,Macro,11996.830078125
M90,1986-09-30,Macro,12243.212890625
M90,1986-10-31,Macro,12081.740234375
M90,1986-11-30,Macro,12011.302734375
M91,1987-08-31,Macro,1639.2061767578125
M91,1987-09-30,Macro,1627.2926025390625
M91,1987-10-31,Macro,1606.9090576171875
M91,1987-11-30,Macro,1632.1983642578125
M91,1987-12-31,Macro,1627.685546875
M91,1988-01-31,Macro,1634.4437255859375
M91,1988-02-29,Macro,1650.6441650390625
M91,1988-03-31,Macro,1635.483154296875
M91,1988-04-30,Macro,1642.0831298828125
M91,1988-05-31,Macro,1622.905029296875
M91,1988-06-30,Macro,1629.5166015625
M91,1988-07-31,Macro,1636.324462890625
M91,1988-08-31,Macro,1630.7503662109375
M91,1988-09-30,Macro,1644.6805419921875
M91,1988-10-31,Macro,1640.153076171875
M91,1988-11-30,Macro,1663.044189453125
M91,1988-12-31,Macro,1644.3544921875
M91,1989-01-31,Macro,1638.2545166015625
M92,2007-08-31,Macro,7785.1357421875
M92,2007-09-30,Macro,7734.7451171875
M92,2007-10-31,Macro,7640.75048828125
M92,2007-11-30,Macro,7750.9111328125
M92,2007-12-31,Macro,7736.6875
M92,2008-01-31,Macro,7764.43310546875
M92,2008-02-29,Macro,7842.6923828125
M92,2008-03-31,Macro,7769.42626953125
M92,2008-04-30,Macro,7804.10888671875
M92,2008-05-31,Macro,7720.0380859375
M92,2008-06-30,Macro,7752.55224609375
M92,2008-07-31,Macro,7776.67724609375
M92,2008-08-31,Macro,7748.0068359375
M92,2008-09-30,Macro,7817.4775390625
M92,2008-10-31,Macro,7795.3486328125
M92,2008-11-30,Macro,7896.537109375
M92,2008-12-31,Macro,7814.287109375
M92,2009-01-31,Macro,7785.69580078125
M93,2028-07-31,Macro,2455.498779296875
M93,2028-08-31,Macro,2432.7216796875
M93,2028-09-30,Macro,2399.611083984375
M93,2028-10-31,Macro,2448.873046875
M93,2028-11-30,Macro,2435.9775390625
M93,2028-12-31,Macro,2449.130615234375
M93,2029-01-31,Macro,2467.597412109375
M93,2029-02-28,Macro,2449.957275390625
M93,2029-03-31,Macro,2456.674560546875
M93,2029-04-30,Macro,2421.694580078125
M93,2029-05-31,Macro,2430.90673828125
M93,2029-06-30,Macro,2445.352294921875
M93,2029-07-31,Macro,2439.03955078125
M93,2029-08-31,Macro,2456.0439453125
M93,2029-09-30,Macro,2450.188720703125
M93,2029-10-31,Macro,2489.334716796875
M93,2029-11-30,Macro,2457.312744140625
M93,2029-12-31,Macro,2449.410400390625
M94,1990-05-31,Macro,1999.398193359375
M94,1990-06-30,Macro,1986.2767333984375
M94,1990-07-31,Macro,1962.86767578125
M94,1990-08-31,Macro,1992.3514404296875
M94,1990-09-30,Macro,1987.5523681640625
M94,1990-10-31,Macro,1994.9925537109375
M94,1990-11-30,Macro,2014.2010498046875
M94,1990-12-31,Macro,1996.1827392578125
M94,1991-01-31,Macro,2004.640625
M94,1991-02-28,Macro,1982.2947998046875
M94,1991-03-31,Macro,1989.9415283203125
M94,1991-04-30,Macro,1997.48388671875
M94,1991-05-31,Macro,1990.33544921875
M94,1991-06-30,Macro,2007.8455810546875
M94,1991-07-31,Macro,2002.164794921875
M94,1991-08-31,Macro,2028.6885986328125
M94,1991-09-30,Macro,2006.658447265625
M94,1991-10-31,Macro,1999.4857177734375
M95,1990-05-31,Macro,1093.10693359375
M95,1990-06-30,Macro,1095.0927734375
M95,1990-07-31,Macro,1088.5228271484375
M95,1990-08-31,Macro,1097.6070556640625
M95,1990-09-30,Macro,1098.5654296875
M95,1990-10-31,Macro,1096.8128662109375
M95,1990-11-30,Macro,1107.3736572265625
M95,1990-12-31,Macro,1092.7484130859375
M95,1991-01-31,Macro,1104.5626220703125
M95,1991-02-28,Macro,1105.0469970703125
M95,1991-03-31,Macro,1101.5426025390625
M95,1991-04-30,Macro,1102.1795654296875
M95,1991-05-31,Macro,1097.177490234375
M95,1991-06-30,Macro,1113.0830078125
M95,1991-07-31,Macro,1103.3358154296875
M95,1991-08-31,Macro,1106.0804443359375
M95,1991-09-30,Macro,1102.16845703125
M95,1991-10-31,Macro,1102.9873046875
M96,1990-05-31,Macro,1321.7110595703125
M96,1990-06-30,Macro,1313.180908203125
M96,1990-07-31,Macro,1297.7362060546875
M96,1990-08-31,Macro,1317.061279296875
M96,1990-09-30,Macro,1314.0631103515625
M96,1990-10-31,Macro,1318.8614501953125
M96,1990-11-30,Macro,1331.475830078125
M96,1990-12-31,Macro,1319.5421142578125
M96,1991-01-31,Macro,1325.158935546875
M96,1991-02-28,Macro,1310.799560546875
M96,1991-03-31,Macro,1315.7982177734375
M96,1991-04-30,Macro,1320.547607421875
M96,1991-05-31,Macro,1315.78173828125
M96,1991-06-30,Macro,1327.4302978515625
M96,1991-07-31,Macro,1323.5147705078125
M96,1991-08-31,Macro,1340.8438720703125
M96,1991-09-30,Macro,1326.5992431640625
M96,1991-10-31,Macro,1321.9327392578125
M97,1990-05-31,Macro,1947.3494873046875
M97,1990-06-30,Macro,1938.3646240234375
M97,1990-07-31,Macro,1923.3504638671875
M97,1990-08-31,Macro,1961.82275390625
M97,1990-09-30,Macro,1950.00390625
M97,1990-10-31,Macro,1955.52197265625
M97,1990-11-30,Macro,1964.156494140625
M97,1990-12-31,Macro,1952.5589599609375
M97,1991-01-31,Macro,1960.3958740234375
M97,1991-02-28,Macro,1939.843994140625
M97,1991-03-31,Macro,1937.0582275390625
M97,1991-04-30,Macro,1951.6304931640625
M97,1991-05-31,Macro,1947.3848876953125
M97,1991-06-30,Macro,1964.3695068359375
M97,1991-07-31,Macro,1953.324951171875
M97,1991-08-31,Macro,1978.5526123046875
M97,1991-09-30,Macro,1954.478759765625
M97,1991-10-31,Macro,1953.020263671875
M98,1990-05-31,Macro,2475.637939453125
M98,1990-06-30,Macro,2459.208251953125
M98,1990-07-31,Macro,2429.78369140625
M98,1990-08-31,Macro,2465.990478515625
M98,1990-09-30,Macro,2460.502685546875
M98,1990-10-31,Macro,2469.626953125
M98,1990-11-30,Macro,2493.78369140625
M98,1990-12-31,Macro,2471.244384765625
M98,1991-01-31,Macro,2481.587890625
M98,1991-02-28,Macro,2454.09521484375
M98,1991-03-31,Macro,2464.055908203125
M98,1991-04-30,Macro,2472.857666015625
M98,1991-05-31,Macro,2463.958740234375
M98,1991-06-30,Macro,2485.58251953125
M98,1991-07-31,Macro,2478.643310546875
M98,1991-08-31,Macro,2511.66845703125
M98,1991-09-30,Macro,2484.6513671875
M98,1991-10-31,Macro,2475.580322265625
M99,1990-05-31,Macro,4249.84423828125
M99,1990-06-30,Macro,4200.2919921875
M99,1990-07-31,Macro,4149.9541015625
M99,1990-08-31,Macro,4254.5185546875
M99,1990-09-30,Macro,4220.13818359375
M99,1990-10-31,Macro,4247.76953125
M99,1990-11-30,Macro,4267.15869140625
M99,1990-12-31,Macro,4257.357421875
M99,1991-01-31,Macro,4247.58837890625
M99,1991-02-28,Macro,4165.0322265625
M99,1991-03-31,Macro,4184.76708984375
M99,1991-04-30,Macro,4225.22509765625
M99,1991-05-31,Macro,4219.5986328125
M99,1991-06-30,Macro,4234.8857421875
M99,1991-07-31,Macro,4233.02392578125
M99,1991-08-31,Macro,4328.33935546875
M99,1991-09-30,Macro,4250.72119140625
M99,1991-10-31,Macro,4231.55322265625
